Date,Open,High,Low,Close,Volume,Dividends,Stock Splits,Return
2021-12-27,106.86139316903274,108.03240313839329,106.26226889024989,108.01424407958984,393200,0.0,0.0,
2021-12-28,107.60575628950228,109.42127435021467,107.60575628950228,108.7495346069336,539200,0.0,0.0,0.006807347804998365
2021-12-29,108.65874041017908,109.77528693375574,108.65874041017908,109.17616271972656,516200,0.0,0.0,0.003923033917662133
2021-12-30,109.40312224598581,110.23826587049885,108.56798554712499,108.65876007080078,458500,0.0,0.0,-0.004739154006118018
2021-12-31,108.35011193021033,110.19286154339969,108.35011193021033,109.75714111328125,616100,0.0,0.0,0.010108536502393184
2022-01-03,110.2927190459934,111.18232591768398,108.36826746323203,108.59520721435547,1009700,0.0,0.0,-0.010586408202146402
2022-01-04,109.59375002169732,111.59989663378525,108.8130767069561,110.891845703125,1943900,0.0,0.0,0.021148617399257885
2022-01-05,111.69972872982798,113.3155383670147,110.57410277473018,110.87366485595703,1266900,0.0,0.0,-0.00016395116388123743
2022-01-06,111.6815691224548,112.23530256962755,110.01129617899302,110.88274383544922,1034600,0.0,0.0,8.1885806733073e-05
2022-01-07,111.0552170150384,111.82681759633414,110.60133757928823,111.11876678466797,970500,0.0,0.0,0.002128581428044507
2022-01-10,110.77382186774997,111.2730920528815,107.9779226823156,108.60427856445312,1349300,0.0,0.0,-0.02262883483118161
2022-01-11,109.47571732550726,110.22007931500465,108.22301258971424,110.2019271850586,1136600,0.0,0.0,0.014710733699661027
2022-01-12,111.23678251789886,111.84497935199009,110.55596330568149,111.55449676513672,1993300,0.0,0.0,0.012273556503297867
2022-01-13,112.3805757150418,116.19316104145366,112.13547688760481,114.80429077148438,1782200,0.0,0.0,0.02913189607398503
2022-01-14,113.36095408471914,116.18408544400384,112.71644595383115,115.77559661865234,1684300,0.0,0.0,0.008460536105757033
2022-01-18,115.41248056515356,116.29300791744241,114.432099167204,115.91175079345703,1872400,0.0,0.0,0.0011760179068924792
2022-01-19,116.49270647543595,117.53662371630112,115.08567734765519,115.74834442138672,1921800,0.0,0.0,-0.0014097481139896395
2022-01-20,115.45785529506271,116.32022346925491,110.84643847730798,110.9009017944336,1875200,0.0,0.0,-0.041879153012381765
2022-01-21,110.95536664712546,111.85404596429484,108.76766450684656,109.01275634765625,1074600,0.0,0.0,-0.017025519326048566
2022-01-24,106.3258158844312,108.83123282167026,105.07311087863766,108.2411880493164,1667200,0.0,0.0,-0.00707777992402292
2022-01-25,106.78876264791481,108.80398863113261,104.39227956669664,107.84176635742188,1229500,0.0,0.0,-0.0036901081657801926
2022-01-26,109.0853912148294,110.32902346791627,107.21540999651508,108.1231689453125,1648900,0.0,0.0,0.002609402621967183
2022-01-27,109.83884509992905,111.200483675548,106.92493937918272,107.60575866699219,1582300,0.0,0.0,-0.004785378410264829
2022-01-28,107.1155490455865,109.65727670845392,104.23795502575531,107.27894592285156,2129200,0.0,0.0,-0.003037130616327044
2022-01-31,106.55273355595317,108.10500039095204,104.81891771740436,107.95976257324219,1330600,0.0,0.0,0.006346227999669551
2022-02-01,108.33195701429659,109.3123384080241,107.03386827760113,108.77676391601562,1342000,0.0,0.0,0.007567646716702958
2022-02-02,108.8221371320615,110.23824576055205,108.27748316371174,109.92052459716797,876100,0.0,0.0,0.010514751864060035
2022-02-03,109.66635972236709,111.48187767516198,109.05816287033713,109.93869018554688,711300,0.0,0.0,0.00016526111429571166
2022-02-04,108.93106565016494,110.7647355413231,107.95976392514366,108.22301483154297,1097000,0.0,0.0,-0.015605746722180402
2022-02-07,108.84936842572365,109.23969808761213,107.24263136222471,107.5058822631836,1241800,0.0,0.0,-0.006626433106448282
2022-02-08,108.07778052967052,110.44703199054896,107.98700601798751,110.3199462890625,592100,0.0,0.0,0.026175907463275694
2022-02-09,111.10062015608385,112.34425244238057,110.89183947064984,111.42741394042969,565400,0.0,0.0,0.010038689181967042
2022-02-10,110.83736449066218,112.97967612961902,110.83736449066218,111.30032348632812,743600,0.0,0.0,-0.001140567205207721
2022-02-11,110.65581277433385,112.96152124223376,110.04761596535991,110.68304443359375,882500,0.0,0.0,-0.0055460670139938495
2022-02-14,110.63764715516511,111.3184662988827,109.0763077364525,109.55741882324219,774600,0.0,0.0,-0.010169810706886606
2022-02-15,110.06576959117737,112.46225259770846,109.63004226014854,112.24439239501953,844300,0.0,0.0,0.0245257108157364
2022-02-16,111.8540699931831,113.33371473483464,111.74513641517153,112.80721282958984,890700,0.0,0.0,0.005014241001809694
2022-02-17,111.74512122284764,111.98114048029207,110.0566890843046,110.58319091796875,751400,0.0,0.0,-0.019715245646400037
2022-02-18,110.16561706172685,112.1989949921656,109.8206711842218,110.0929946899414,908000,0.0,0.0,-0.004432827665381556
2022-02-22,110.40164209235027,111.42740717638121,108.84029564539989,109.92960357666016,830100,0.0,0.0,-0.0014841190735288556
2022-02-23,111.02799293233507,111.02799293233507,107.76914168561274,108.05054473876953,879600,0.0,0.0,-0.017093292222965628
2022-02-24,105.77206255967813,107.44234251457652,104.33780878044176,106.9067611694336,1326200,0.0,0.0,-0.010585634455626547
2022-02-25,107.61483737913872,110.15655854559371,107.46959260786318,109.65729522705078,878000,0.0,0.0,0.0257283452190451
2022-02-28,107.26986774041076,108.43179802636,106.41657908234536,107.54219818115234,1305400,0.0,0.0,-0.01928824745785518
2022-03-01,107.3515759026016,107.78729632241416,103.15772703941116,104.0291748046875,1684500,0.0,0.0,-0.03266646428918285
2022-03-02,105.30910388949607,107.30617054679128,104.21978913725756,106.43472290039062,984500,0.0,0.0,0.0231237833061686
2022-03-03,107.04293743622605,108.40457590847481,105.53606112827616,106.6798324584961,1052100,0.0,0.0,0.0023029097218101313
2022-03-04,104.36504415978224,105.11848572567764,103.32112001645922,104.26519012451172,1028800,0.0,0.0,-0.022634478123349067
2022-03-07,103.83855654381797,103.95656272636546,95.54163943133867,95.5597915649414,2009100,0.0,0.0,-0.08349285652454552
2022-03-08,96.19522939252995,98.15598537498214,94.50679697465753,95.35101318359375,1985000,0.0,0.0,-0.0021847931847546187
2022-03-09,97.86548780869687,99.51760878058398,97.44791953290684,98.6824722290039,2445400,0.0,0.0,0.034938895080177
2022-03-10,97.65670559810727,97.93810864514629,96.00458465219752,97.03034973144531,1750700,0.0,0.0,-0.016741802877867307
2022-03-11,97.5296304514822,97.7293385421978,95.6687217068888,95.69595336914062,1610800,0.0,0.0,-0.013752360637655614
2022-03-14,96.7748745402423,98.02753750800167,95.43078487380188,96.99432373046875,1504800,0.76,0.0,0.013567662117537571
2022-03-15,97.57036892869037,98.0183988485896,95.58622945033679,96.92118072509766,1208900,0.0,0.0,-0.0007540957301207518
2022-03-16,98.5578680551573,99.60022735076564,96.64687136258028,97.92696380615234,1572800,0.0,0.0,0.010377330048293887
2022-03-17,96.91203398431995,98.79560127189359,96.4914334766714,98.10069274902344,2012500,0.0,0.0,0.0017740664687102559
2022-03-18,97.87210506298447,98.72245153905189,96.03425810323698,98.658447265625,2921300,0.0,0.0,0.005685530866010202
2022-03-21,99.31678415578514,100.89860709739646,98.96018790994478,100.31342315673828,1228000,0.0,0.0,0.016774801722324595
2022-03-22,101.47464228904751,102.24269351749645,100.5785755465816,100.99917602539062,1408900,0.0,0.0,0.006836102757463047
2022-03-23,100.50543477164794,101.48378981463613,99.94768024494095,99.99340057373047,1294400,0.0,0.0,-0.00995825402978845
2022-03-24,100.66088444097139,101.40151339307367,100.02084161909886,101.16378021240234,985400,0.0,0.0,0.011704568821108374
2022-03-25,100.9077504898389,101.26434672836903,99.78309598497586,101.20948791503906,877800,0.0,0.0,0.0004518188480180374
2022-03-28,100.6242979707414,100.87116959191015,99.33506012702045,100.8345947265625,737000,0.0,0.0,-0.0037041308695412445
2022-03-29,101.95924686541231,103.93424071806089,101.78551800291348,103.92510223388672,1202400,0.0,0.0,0.030649277816853226
2022-03-30,103.68737499454718,105.12290537292564,103.37649211640644,104.51029205322266,1365500,0.0,0.0,0.005630880381709336
2022-03-31,104.08967841469368,104.94917028910125,102.43470591059939,102.4621353149414,945600,0.0,0.0,-0.019597655867598318
2022-04-01,103.13876882174719,103.90682011395384,100.28599193081673,101.84038543701172,1240100,0.0,0.0,-0.0060680940917207105
2022-04-04,101.50207304368962,102.66329536194138,100.88031428936601,102.0506820678711,845300,0.0,0.0,0.00206496302971515
2022-04-05,101.52951233736022,102.41643371787742,100.55115727323093,100.560302734375,1526000,0.0,0.0,-0.014604305461720313
2022-04-06,100.12138890640762,100.48713053504395,98.83215123505134,98.99673461914062,1205400,0.0,0.0,-0.01554856213355349
2022-04-07,98.88702204812213,99.40820162828163,96.13482469804542,97.79894256591797,1360900,0.0,0.0,-0.012099308707815393
2022-04-08,98.32013204742107,100.23112868441419,97.9086770127854,98.9236068725586,1011300,0.0,0.0,0.011499759375031893
2022-04-11,98.20126260483096,100.87116486665849,97.98182039896702,98.30184173583984,810600,0.0,0.0,-0.0062853059686729384
2022-04-12,98.71329235642926,100.45970539365176,98.00924544660101,98.2835464477539,1140200,0.0,0.0,-0.00018611338061291782
2022-04-13,97.78068510640519,99.38993762868954,97.72581931009432,99.10649108886719,880700,0.0,0.0,0.00837316794984333
2022-04-14,99.48135884433059,100.54200202771,98.61272149469121,98.66758728027344,896700,0.0,0.0,-0.0044286080938955585
2022-04-18,98.71331440824981,100.36828717218833,98.57616038906335,99.4996566772461,910400,0.0,0.0,0.008433057095123875
2022-04-19,97.48808509763809,101.1271973859465,97.14062732799992,100.18541717529297,1246200,0.0,0.0,0.00689208908801886
2022-04-20,100.76144420196458,102.78216538483252,100.441422852622,101.49292755126953,1253600,0.0,0.0,0.013050905140104652
2022-04-21,102.77301859005908,103.63250349199832,100.90774235190034,100.99917602539062,1008500,0.0,0.0,-0.004864886034837146
2022-04-22,99.81967871779919,100.56944612147156,97.11320109049545,97.30521392822266,1014000,0.0,0.0,-0.03657418052835726
2022-04-25,96.39086576327863,97.22292839240052,94.22385869471142,96.79318237304688,1042300,0.0,0.0,-0.005262118385079395
2022-04-26,96.50973734674272,97.68010534695507,95.02848642250574,95.05591583251953,890400,0.0,0.0,-0.017948232488439242
2022-04-27,96.04340605376711,96.97604077301364,95.13820074156568,96.12569427490234,665800,0.0,0.0,0.011254201624522508
2022-04-28,97.03090106632241,98.26527314502412,95.01932529367666,98.19212341308594,1423600,0.0,0.0,0.021497156964858766
2022-04-29,97.84468233015185,99.19791762517306,93.69352880720493,93.87639617919922,1773600,0.0,0.0,-0.043951867867556116
2022-05-02,94.79988311023364,95.65022956050022,91.12419627820724,93.1357650756836,1202400,0.0,0.0,-0.007889428372408358
2022-05-03,93.50150665164797,96.50972135985126,93.27291897147394,95.96110534667969,1058500,0.0,0.0,0.030335717634360826
2022-05-04,95.96109317688303,99.06074116886974,95.09246289275846,98.79558563232422,943800,0.0,0.0,0.029537803627879944
2022-05-05,97.53379658600892,98.73160085829831,95.38507363591248,96.61944580078125,881800,0.0,0.0,-0.022026690945905703
2022-05-06,96.57372316871937,97.4697829456251,95.20219712264787,96.82059478759766,1309600,0.0,0.0,0.0020818685633030576
2022-05-09,95.10162726883782,96.48229193394393,94.18727648222524,94.5621566772461,1060200,0.0,0.0,-0.023326009464267994
2022-05-10,95.78739395968431,96.03426561193535,91.60881098681921,93.39179229736328,923200,0.0,0.0,-0.012376667591005086
2022-05-11,93.9769660654688,95.67765896600199,93.01690199319516,93.1357650756836,827000,0.0,0.0,-0.002741431718801257
2022-05-12,92.70601311004212,93.63865469229187,90.64872411947832,92.37684631347656,938500,0.0,0.0,-0.008148521264525255
2022-05-13,93.02603469152038,95.20219373853514,92.90717161642523,94.22383880615234,731800,0.0,0.0,0.01999410638471133
2022-05-16,93.99525734381893,95.2479133727782,92.75173979943342,94.4981460571289,791000,0.0,0.0,0.002911229837927687
2022-05-17,96.43657302012434,98.51214611665276,95.60451050382692,97.74409484863281,999000,0.0,0.0,0.03434933834089793
2022-05-18,97.09490452964091,97.6160841574634,94.76330741909997,95.29363250732422,1162000,0.0,0.0,-0.02507018296198249
2022-05-19,93.995256196581,95.8056667039082,93.7026642471169,94.35185241699219,754200,0.0,0.0,-0.00988292780485256
2022-05-20,95.3027601190652,95.64106535520526,91.16074630153781,93.22718048095703,1044500,0.0,0.0,-0.01191997726832772
2022-05-23,94.44327871234836,94.88216311427398,93.26376554626785,94.42498779296875,786100,0.0,0.0,0.012848262768778929
2022-05-24,94.17812763601215,94.94617892070775,91.99282989263058,94.79074096679688,799800,0.0,0.0,0.0038734786456107173
2022-05-25,94.58044306457506,96.47314882307415,94.41585965183852,95.75995635986328,642000,0.0,0.0,0.010224789712382387
2022-05-26,96.57372741814297,99.17962562515471,96.5371525515253,98.72245025634766,690100,0.0,0.0,0.030936667152931863
2022-05-27,99.18876716662294,100.43227770277713,99.0790425711054,100.24026489257812,816000,0.0,0.0,0.015374564066119145
2022-05-31,99.93854181400856,101.59351447313206,99.2162038695883,100.72488403320312,1617200,0.0,0.0,0.004834575618333892
2022-06-01,101.50208326101072,101.98668806408429,98.88703944070525,100.24942016601562,1133700,0.0,0.0,-0.004720421093071359
2022-06-02,100.66086350988634,101.99582164810839,100.09397055008954,101.86781311035156,769800,0.0,0.0,0.016143663890083815
2022-06-03,100.944315149778,101.59350328699249,100.02996448171108,100.77973175048828,655100,0.0,0.0,-0.010681306750784825
2022-06-06,101.11804749737392,103.1204778999655,100.53286356732809,101.84038543701172,752500,0.0,0.0,0.010524474198337908
2022-06-07,101.09060981580943,102.882736326872,100.62429598768696,102.67243957519531,664300,0.0,0.0,0.00817017860461866
2022-06-08,101.61178591339069,102.37984409209773,99.53621299320612,99.9019546508789,888800,0.0,0.0,-0.02698372548445538
2022-06-09,99.67336949243007,101.6575087920595,99.08818561581994,99.21619415283203,1061200,0.0,0.0,-0.0068643351418233856
2022-06-10,96.62858198067558,97.28691559895711,93.3552048097437,93.4375,1338800,0.0,0.0,-0.05824345715106316
2022-06-13,90.99617738432691,91.78251953394386,88.90232044800459,89.42350006103516,1295400,0.0,0.0,-0.04295919667119563
2022-06-14,89.22076541700568,90.16070428814808,87.74634805512713,88.68628692626953,959600,0.76,0.0,-0.008244064862843015
2022-06-15,89.6446661540523,90.04091650651249,86.13370847031743,87.5896987915039,1235100,0.0,0.0,-0.01236479925782985
2022-06-16,84.62243874548591,84.73301567297675,80.09781198024444,80.58621215820312,2321800,0.0,0.0,-0.07995788009240323
2022-06-17,80.2360347379335,81.95004730377501,79.19472890128718,80.7889404296875,2209700,0.0,0.0,0.002515669443382995
2022-06-21,82.87155489408327,83.42446055755218,81.02853132880227,83.21251678466797,1459300,0.0,0.0,0.02999886298904686
2022-06-22,80.79814280814806,82.87154404771901,80.79814280814806,82.05139923095703,1487200,0.0,0.0,-0.01395364061293336
2022-06-23,81.61829294642668,82.76096551328679,79.33294078212994,79.61861419677734,1686900,0.0,0.0,-0.029649525260768805
2022-06-24,80.1438829683852,85.27670345142859,80.1254487951246,85.19376373291016,1789500,0.0,0.0,0.07002319234486842
2022-06-27,85.5715812350539,85.75588077189195,84.51184132179341,85.10160827636719,1111100,0.0,0.0,-0.0010817159907605678
2022-06-28,85.7190241096731,86.50231476017923,83.90365177852532,84.46577453613281,1805700,0.0,0.0,-0.007471465617541639
2022-06-29,84.52105171787456,84.83436231181571,82.21727253686218,84.05107879638672,1532800,0.0,0.0,-0.004909630463030834
2022-06-30,82.4476565312113,83.88521259632402,81.28654976984821,82.72410583496094,1180000,0.0,0.0,-0.015787696962704878
2022-07-01,81.97769242875697,83.25859332369244,79.41589063888604,81.96847534179688,1345700,0.0,0.0,-0.00913434464521845
2022-07-05,79.83055583947268,81.48006262199858,78.28241590613827,81.42477416992188,1240300,0.0,0.0,-0.006633052153377839
2022-07-06,81.37870676178268,82.31865275747008,80.01487320216582,81.7657470703125,873100,0.0,0.0,0.004187581775530136
2022-07-07,83.05585449675898,84.38283371447864,82.18042111486596,83.65483856201172,763800,0.0,0.0,0.023103702459597697
2022-07-08,84.20774692540104,84.40126356242608,82.2817906112633,83.11115264892578,748000,0.0,0.0,-0.006499156802303951
2022-07-11,82.32784983770956,83.33230122140746,81.5906447145519,82.63195037841797,665600,0.0,0.0,-0.005765799838344687
2022-07-12,82.1066975152307,84.82516146217358,81.93161505926591,83.59033203125,595800,0.0,0.0,0.01159819716759758
2022-07-13,81.97768199436217,82.3555051752843,80.67835412146671,81.62751007080078,730700,0.0,0.0,-0.02348144710940281
2022-07-14,79.6370356990749,80.26366390696724,78.5035802982515,79.74761962890625,758200,0.0,0.0,-0.02303010884766643
2022-07-15,81.360269670773,81.96846374310849,80.17151872191678,81.71044158935547,810800,0.0,0.0,0.024612922236211254
2022-07-18,82.95448125625643,83.58110950190742,81.48928100822661,82.00532531738281,732500,0.0,0.0,0.0036088867259991275
2022-07-19,83.2125076359581,85.36884159558412,83.13878501411375,84.93572998046875,798500,0.0,0.0,0.035734321542466585
2022-07-20,84.60399031742082,85.72823576136318,83.71012280771004,85.11082458496094,717200,0.0,0.0,0.0020614952568542844
2022-07-21,84.42891243459566,85.91254697373661,83.82992836708175,85.8111801147461,729400,0.0,0.0,0.008228748025887578
2022-07-22,86.68660261342188,87.02756446271373,85.27669088162429,85.76509094238281,575500,0.0,0.0,-0.0005370998546069261
2022-07-25,86.52074377397142,86.99071676832463,85.4517937241495,86.82484436035156,873200,0.0,0.0,0.012356465857194632
2022-07-26,86.21663732539551,87.44224964371928,85.35042105872435,85.54393768310547,908800,0.0,0.0,-0.014752766753372004
2022-07-27,85.59922763179362,87.84771859719825,85.12925466119678,87.5344009399414,905900,0.0,0.0,0.023268314631593734
2022-07-28,88.28082989436746,88.81530137479963,87.01835624537935,87.6910629272461,1422000,0.0,0.0,0.0017897190775564287
2022-07-29,87.19344892964007,88.787660404371,86.13370895495113,88.40062713623047,2307700,0.0,0.0,0.008091636539667268
2022-08-01,86.90776898468823,87.30401930971178,85.09238975215192,86.6773910522461,998800,0.0,0.0,-0.019493482566913967
2022-08-02,86.05076616853825,87.61734038891076,85.82038822706376,85.90332794189453,927400,0.0,0.0,-0.008930392354391303
2022-08-03,86.52995742985189,86.72347405971817,85.32277221890948,86.04155731201172,1117300,0.0,0.0,0.001609127066773075
2022-08-04,86.24428152089563,87.2948113866216,85.3688481684635,86.43780517578125,935500,0.0,0.0,0.004605307901769162
2022-08-05,85.70058896232773,88.08730091466643,85.52549948778153,87.66340637207031,1051400,0.0,0.0,0.014178994871476114
2022-08-08,88.74158587822095,89.80131878466175,88.32690136517395,88.35454559326172,1029100,0.0,0.0,0.007884010555761378
2022-08-09,88.38218472442856,88.50197870656343,87.07363285302232,87.7279052734375,671900,0.0,0.0,-0.00709233821097266
2022-08-10,89.58014756531037,90.96241505439039,89.44191941028716,90.24363708496094,704000,0.0,0.0,0.02867652890699035
2022-08-11,91.22966592898418,92.74094468091715,91.20202170056467,91.39553833007812,875000,0.0,0.0,0.012764348626958855
2022-08-12,92.1051092441732,93.24778903305197,91.84708704364499,93.22935485839844,581600,0.0,0.0,0.0200646176151118
2022-08-15,92.26176889137369,93.54266979957181,91.82865719727063,93.10955810546875,763900,0.0,0.0,-0.0012849681638539279
2022-08-16,93.07268347454189,94.1600675824972,92.53820499101309,93.91126251220703,573700,0.0,0.0,0.0086103341380932
2022-08-17,92.66720832723523,93.30305360902173,91.82863639020421,91.90235900878906,953500,0.0,0.0,-0.021391507788076414
2022-08-18,92.12352662883093,92.86994886297356,91.80099893695302,92.5013427734375,450900,0.0,0.0,0.006517610332408941
2022-08-19,92.01294232081415,92.01294232081415,90.30814707300033,90.87026977539062,640900,0.0,0.0,-0.017632965632097264
2022-08-22,89.22077993203519,89.22077993203519,87.33167776598073,87.50676727294922,683700,0.0,0.0,-0.03701433384929054
2022-08-23,87.78320931657228,89.60779860377296,87.78320931657228,89.35899353027344,646000,0.0,0.0,0.02116666304843373
2022-08-24,89.65387201350512,89.81974439680002,88.41904270884841,89.03646087646484,557400,0.0,0.0,-0.0036094033858978802
2022-08-25,89.653883338509,91.26652897902673,89.46957676124646,91.22966766357422,556400,0.0,0.0,0.0246326815500042
2022-08-26,91.40475786632828,91.74571273341003,87.51597693801006,87.58048248291016,454600,0.0,0.0,-0.039999983274312534
2022-08-29,86.60366790202569,88.23474042797186,86.17055630192574,87.57125091552734,499400,0.0,0.0,-0.00010540667419378646
2022-08-30,87.88458487129202,88.23475683215071,85.36885450732345,86.07842254638672,602400,0.0,0.0,-0.01704701432871658
2022-08-31,86.28114013514893,86.61288491803525,83.78384420828213,83.8575668334961,988500,0.0,0.0,-0.02580037653099221
2022-09-01,82.88998769238003,83.35996070215741,81.19440927129862,83.30467224121094,877700,0.0,0.0,-0.006593258225378262
2022-09-02,85.04632798380104,85.60845076485683,81.90396925591284,82.49373626708984,831200,0.0,0.0,-0.009734579733691406
2022-09-06,83.14800859294728,83.82070823572711,82.15277421205401,82.64117431640625,1086300,0.0,0.0,0.0017872635667639525
2022-09-07,82.43844223424071,84.4012597765166,82.10669743405649,84.2630386352539,941400,0.0,0.0,0.019625378417761352
2022-09-08,83.3968144100119,84.82516045246933,82.02376385403286,84.64085388183594,1644000,0.0,0.0,0.004483760053058061
2022-09-09,85.8111757086475,86.80640304401592,85.32276858105432,86.29957580566406,873300,0.0,0.0,0.019597178522605674
2022-09-12,87.3040194709453,88.64021569992335,86.86169777696239,87.42382049560547,1011500,0.0,0.0,0.013027233094089263
2022-09-13,82.93606601897997,84.2906895555157,77.43463918149524,77.50836181640625,2390900,0.0,0.0,-0.11341827230826229
2022-09-14,76.36456298828125,77.40606243801906,73.93748615751555,76.36456298828125,3840600,0.76,0.0,-0.014757102347670692
2022-09-15,76.09488128779734,77.47115034161021,75.34164595548334,75.6020278930664,1922500,0.0,0.0,-0.009985457460574443
2022-09-16,74.2257494992527,74.50472659088292,72.29152630381134,73.5841064453125,3819900,0.0,0.0,-0.026691366673498584
2022-09-19,72.75649224434524,74.68141454565344,72.5426159301349,74.11416625976562,1511900,0.0,0.0,0.007203455203292686
2022-09-20,72.77509122763455,73.16565351010456,71.11984499696216,71.91027069091797,1366600,0.0,0.0,-0.029736495464620538
2022-09-21,72.7564936139486,73.01686848554941,70.26432297983877,70.31082153320312,1040500,0.0,0.0,-0.02224229087649432
2022-09-22,70.79436544794288,71.3151222240034,69.4180964058198,69.50178527832031,1187100,0.0,0.0,-0.011506568082137347
2022-09-23,68.06042372164868,68.06042372164868,65.68913963359203,67.59546661376953,1711200,0.0,0.0,-0.02742834096875235
2022-09-26,67.36300110526679,68.26501920438525,66.31219329736498,66.39588928222656,1106400,0.0,0.0,-0.017746416906878948
2022-09-27,67.29788720810647,67.50246235433433,65.67983153619383,65.89371490478516,1381400,0.0,0.0,-0.007563335364134227
2022-09-28,66.358683934045,67.96743167380272,66.22849650174147,67.5489730834961,1874600,0.0,0.0,0.025120122322785265
2022-09-29,66.62835298157786,66.85153040016152,65.01030428115244,65.84722137451172,1482600,0.0,0.0,-0.025192858326371192
2022-09-30,65.91230564208544,67.46526750536941,65.54963972833225,66.07039642333984,1175900,0.0,0.0,0.003389285746148607
2022-10-03,67.325787481169,69.84585403628022,66.97241555516295,69.2507095336914,1871000,0.0,0.0,0.048135220651227995
2022-10-04,70.2643205203444,72.0869516524348,70.15273534766885,71.9567642211914,1115800,0.0,0.0,0.03907620161181846
2022-10-05,70.5804876638099,71.7521815168366,69.87375090067039,71.21282958984375,1046100,0.0,0.0,-0.01033863375319155
2022-10-06,70.29220940439029,71.38950841969773,69.18561635546146,69.58547973632812,897100,0.0,0.0,-0.022851919561243106
2022-10-07,68.75786005981648,69.13912120279286,66.78643934893097,67.31649017333984,960700,0.0,0.0,-0.03260722742138
2022-10-10,67.7814500898628,67.92093864830568,66.26569239464659,66.7492446899414,891000,0.0,0.0,-0.00842654573846291
2022-10-11,66.03321114652077,68.10691589659139,65.73563887811537,67.11190795898438,1558100,0.0,0.0,0.005433219068284423
2022-10-12,67.18629961809353,67.44667445378266,66.37727172604613,66.60045623779297,621700,0.0,0.0,-0.0076208788685308
2022-10-13,65.59614857476053,69.75286618742022,65.17768292759773,68.75785827636719,969800,0.0,0.0,0.03239320209566343
2022-10-14,69.28791030220265,69.92025225361404,67.02821847087635,67.1863021850586,935400,0.0,0.0,-0.022856385156614922
2022-10-17,68.95313940717024,69.8365550600434,68.16271375543916,68.75785827636719,717400,0.0,0.0,0.023391019303010463
2022-10-18,70.73857244420175,71.34301808915626,69.26930631515722,70.0504379272461,688900,0.0,0.0,0.018799009790029686
2022-10-19,69.34370122746705,69.8086583249007,67.7814450963027,68.01392364501953,671100,0.0,0.0,-0.029072113501155683
2022-10-20,68.23710654013973,70.17132992337586,67.21420226265155,67.2885971069336,712000,0.0,0.0,-0.010664383102959696
2022-10-21,67.40948498468782,69.29720986073366,67.29789981033744,69.1019287109375,1140200,0.0,0.0,0.026948572001318505
2022-10-24,69.7063789247826,69.78077377561351,68.33940369316937,68.7950668334961,708000,0.0,0.0,-0.004440713640932459
2022-10-25,68.36728327904738,70.36660006470736,67.49316882681691,70.16201782226562,1051100,0.0,0.0,0.019869898405331154
2022-10-26,70.30151244584621,71.44531003911601,69.81796018113492,70.45030212402344,797800,0.0,0.0,0.004108837098843132
2022-10-27,70.56189265785302,71.52900435555676,69.92955066684222,70.26432037353516,976400,0.0,0.0,-0.002639899970348858
2022-10-28,70.54329292708519,71.70568569599355,68.81365191937496,70.85016632080078,1881900,0.0,0.0,0.008337744450543028
2022-10-31,70.46890148353795,72.88667714046029,70.46890148353795,71.42671203613281,1719500,0.0,0.0,0.008137535100785742
2022-11-01,72.4961193247602,73.90959306006737,71.8730784348982,73.35163879394531,1746500,0.0,0.0,0.026949676149711888
2022-11-02,73.03547031666474,74.07697689164625,70.63628970866348,70.65489196777344,1529700,0.0,0.0,-0.03676464316969663
2022-11-03,69.51108758071997,71.59409343609268,69.26001386429603,70.85016632080078,1017400,0.0,0.0,0.0027637768254802353
2022-11-04,72.57050835583402,75.09987623127239,72.51471577156727,74.62561798095703,1359000,0.0,0.0,0.05328783058971909
2022-11-07,75.2672557279033,75.3230483082037,73.52831366349254,74.94178009033203,986800,0.0,0.0,0.004236643098294746
2022-11-08,75.7880097709688,77.23867369996745,75.49973862986843,76.46685028076172,1327000,0.0,0.0,0.020350066259320565
2022-11-09,75.61131993272414,76.01118331511307,73.59340785878375,73.64920043945312,851400,0.0,0.0,-0.03684799139709671
2022-11-10,77.15498602737024,79.19150049381145,76.33665695133699,79.1635971069336,1171500,0.0,0.0,0.07487381579945107
2022-11-11,79.88893022182778,83.6922757941361,79.63784942142338,83.218017578125,1464100,0.0,0.0,0.05121571807449232
2022-11-14,82.18581581090261,83.30171712629983,81.39539014667277,81.42328643798828,1075100,0.0,0.0,-0.021566617330818105
2022-11-15,82.79026547121063,83.37611599588047,80.6700620925724,80.78165435791016,952600,0.0,0.0,-0.007880203663441998
2022-11-16,80.13070614694328,80.43757954039923,78.57775111171948,78.78233337402344,755000,0.0,0.0,-0.024749691000738316
2022-11-17,77.24797554723608,77.59204636973976,76.37385389230828,77.40605926513672,1115600,0.0,0.0,-0.017469324021577082
2022-11-18,78.54985814988171,78.71724299934502,77.18288306171179,78.34527587890625,756400,0.0,0.0,0.012133631690930846
2022-11-21,77.51764919633402,79.16359422813952,76.63423353375927,78.71723937988281,717900,0.0,0.0,0.004747746393177321
2022-11-22,79.54486527900143,80.8653418026892,79.17289816248417,80.79094696044922,569500,0.0,0.0,0.02634375388291832
2022-11-23,80.54917436519325,81.30240263249578,79.83313642432806,80.79094696044922,530100,0.0,0.0,0.0
2022-11-25,80.59565581676891,81.04201772012217,80.21439471330709,80.8839340209961,259900,0.0,0.0,0.0011509589136564635
2022-11-28,79.86103350087693,79.99122092873425,78.0942020957611,78.54985809326172,848100,0.0,0.0,-0.02885710191999924
2022-11-29,79.0334125617642,80.149313953036,78.59635171561729,79.27519226074219,924000,0.0,0.0,0.009234060825664248
2022-11-30,79.34958126514252,80.5491714477539,77.43395316760036,80.5491714477539,1558400,0.0,0.0,0.016070338660567396
2022-12-01,81.274508805642,81.73016481248877,79.97262740568269,80.36318969726562,1027900,0.0,0.0,-0.0023089219559373486
2022-12-02,79.26588232546744,81.85104259795908,79.05200603814505,81.3860855102539,942100,0.0,0.0,0.012728412309685577
2022-12-05,80.47477966008091,80.98622823831633,79.46116944321126,80.0470199584961,736200,0.0,0.0,-0.0164532492669045
2022-12-06,80.1679085529178,80.49337712924277,78.1499962850201,79.14500427246094,903000,0.0,0.0,-0.011268572977518043
2022-12-07,78.7730290220163,79.67504690816506,78.41036306083845,78.81022644042969,1085500,0.0,0.0,-0.004229930051917852
2022-12-08,79.54486735262066,80.39108564744153,78.96831795225496,79.28449249267578,812200,0.0,0.0,0.0060178237478429875
2022-12-09,79.36818288993268,80.16790974345493,79.01481801534403,79.20079803466797,600800,0.0,0.0,-0.0010556220438132646
2022-12-12,79.1636011189981,80.49337884026352,78.75444365492775,80.41899108886719,780700,0.0,0.0,0.015381070449138612
2022-12-13,83.0692432274493,83.38541067298561,81.16291614099578,81.92544555664062,1027100,0.0,0.0,0.018732571092675343
2022-12-14,81.11847707528693,82.61980805284679,80.64931293451863,81.0058822631836,1145800,0.79,0.0,-0.01122439172846823
2022-12-15,79.39196468972217,79.63593207265511,77.1305898609306,77.26195526123047,1077100,0.0,0.0,-0.04621796463853467
2022-12-16,76.22040387427633,77.65604489441428,75.89198327270132,77.2525634765625,2100600,0.0,0.0,-0.00012155768820776292
2022-12-19,77.31826016779154,78.10645257301402,75.42283282572852,75.73248291015625,933500,0.0,0.0,-0.019676765378373817
2022-12-20,75.65741120602422,76.41746202673839,75.47913369009919,75.92952728271484,695300,0.0,0.0,0.0026018475162414845
2022-12-21,76.74586873393079,77.24318156300228,76.52067195751428,76.71772003173828,624700,0.0,0.0,0.01038058285400223
2022-12-22,75.85446097348962,76.37992972165307,74.94428848029808,76.37054443359375,818200,0.0,0.0,-0.0045253638664040086
2022-12-23,76.37053622454285,77.20564780012559,75.89198680923793,77.11181640625,418500,0.0,0.0,0.009706254920060164
2022-12-27,76.95230152147218,77.646662419591,76.59573220602157,77.45899963378906,519200,0.0,0.0,0.004502334969130883
2022-12-28,77.66543159849691,77.86248684475254,74.97243391211101,75.20701599121094,717100,0.0,0.0,-0.029073234268775283
2022-12-29,75.57295752922953,77.59974281092913,75.57295752922953,77.12120056152344,552200,0.0,0.0,0.025452207418204198
2022-12-30,76.33301955449222,76.7365010826924,75.55420520675358,76.41747283935547,584300,0.0,0.0,-0.0091249580795435
2023-01-03,76.34239359420596,77.49653343253618,76.16410892044883,77.06490325927734,899800,0.0,0.0,0.008472282527359987
2023-01-04,78.50993370962331,80.94020793251303,77.99385739678355,80.71500396728516,1157900,0.0,0.0,0.0473639822232359
2023-01-05,79.7579085184961,80.4991887626156,78.82896547082508,80.40535736083984,1172600,0.0,0.0,-0.003836295499295428
2023-01-06,81.31552899198047,83.5675110485596,81.23107572747675,83.23909759521484,820500,0.0,0.0,0.03524317691491441
2023-01-09,83.74580702042155,84.72166938426261,83.04206074293901,83.09835815429688,797300,0.0,0.0,-0.0016907852798017098
2023-01-10,82.76055382094566,84.22435084802743,82.47905962414762,84.10236358642578,656900,0.0,0.0,0.012082133202495626
2023-01-11,86.23237429861572,86.28867170714409,84.78734782241301,85.84765625,797100,0.0,0.0,0.020752004927670153
2023-01-12,86.17606854589604,86.17606854589604,84.94686075075423,85.63184356689453,682300,0.0,0.0,-0.0025139030293033215
2023-01-13,84.85303669279494,86.20423186680807,84.59030588870962,85.74444580078125,647000,0.0,0.0,0.0013149574877335812
2023-01-17,85.35034955404788,85.81951374937061,83.90532297338854,83.9334716796875,798400,0.0,0.0,-0.021120599756413005
2023-01-18,84.21496189408131,85.03131006289638,82.77932079217071,82.82623291015625,817200,0.0,0.0,-0.01319186192794175
2023-01-19,82.10373636065943,82.24448705476752,80.08632883545054,81.65333557128906,683400,0.0,0.0,-0.014160940292183288
2023-01-20,82.28201058413346,84.5809120462592,81.39059440742265,84.28064727783203,1464600,0.0,0.0,0.03217641616427458
2023-01-23,84.29004485817006,85.99780231994889,84.0554627499099,85.26590728759766,1477400,0.0,0.0,0.01169022832154698
2023-01-24,84.54339262068156,85.87581731270055,84.17744509482955,85.02194213867188,1317700,0.0,0.0,-0.0028612273848549474
2023-01-25,83.69887959823642,85.45355605663764,83.34231742951856,85.20021057128906,1019200,0.0,0.0,0.0020967344209383842
2023-01-26,85.02192771120241,86.42003487166949,84.37447889430996,86.09162139892578,1489200,0.0,0.0,0.010462542541380904
2023-01-27,82.5728877399004,85.22835846148438,80.5367171126264,81.46566009521484,2509300,0.0,0.0,-0.0537330024518351
2023-01-30,79.5233352649823,82.35708400298455,79.35443585948032,81.01527404785156,1359100,0.0,0.0,-0.005528538611690892
2023-01-31,81.40936740187085,82.98575927268429,80.6962358710827,82.73240661621094,3180300,0.0,0.0,0.02119517076921995
2023-02-01,82.36645275583207,85.05007212732986,82.20693867123728,84.139892578125,1120000,0.0,0.0,0.017012510810223036
2023-02-02,84.59030883181259,86.52326309387328,84.02731320934497,85.83828735351562,1022100,0.0,0.0,0.0201853689534206
2023-02-03,85.01254743399069,85.47232632292919,84.32757174459537,84.63721466064453,1221100,0.0,0.0,-0.013992272328601008
2023-02-06,83.68950430560614,84.74981271929155,82.87315609826307,84.4401626586914,1455400,0.0,0.0,-0.002328195732139937
2023-02-07,84.52461531173162,85.64122112504957,83.88655177888845,85.18144226074219,931300,0.0,0.0,0.008778756206889948
2023-02-08,84.36510903919661,85.20959886367555,83.69888958202613,83.9334716796875,639500,0.0,0.0,-0.014650733163622975
2023-02-09,84.63720216076264,85.19081953043306,81.33428999264618,81.61579132080078,1002300,0.0,0.0,-0.027613302684912244
2023-02-10,81.18417045792035,81.71901736246285,80.59302613991366,81.55012512207031,671600,0.0,0.0,-0.0008045771249385325
2023-02-13,81.58764790016863,83.17342511672167,81.26861969457043,83.05144500732422,656400,0.0,0.0,0.01840978027938789
2023-02-14,82.57288394392378,83.34231280340984,81.34367625787168,82.91068267822266,651300,0.0,0.0,-0.0016948811557601084
2023-02-15,81.95359792927118,83.61444318414355,81.7377864091142,83.59567260742188,522400,0.0,0.0,0.008261781317826955
2023-02-16,81.92545075700164,82.80748174862099,81.38122572280017,81.55012512207031,745700,0.0,0.0,-0.02446953797426532
2023-02-17,81.28738467823626,81.81285343710795,80.32090759587072,81.68148803710938,809700,0.0,0.0,0.0016108241997474515
2023-02-21,81.259235232835,81.259235232835,76.90539217824966,77.38394165039062,1010500,0.0,0.0,-0.052613468363435056
2023-02-22,77.18688403496016,78.72574179594781,77.18688403496016,78.2471923828125,863600,0.0,0.0,0.011155424678700454
2023-02-23,78.6882110319722,79.52332263799738,77.39332056798274,78.7351303100586,623900,0.0,0.0,0.006235852206158743
2023-02-24,77.68420080362834,78.90402329810698,76.60512182702574,78.66944122314453,954600,0.0,0.0,-0.0008343046700421963
2023-02-27,79.66407626224503,80.22707182573798,79.20429738726145,79.61715698242188,872800,0.0,0.0,0.01204680933971769
2023-02-28,79.50456359199534,80.6493181561303,79.26998150642325,79.94557189941406,1046800,0.0,0.0,0.0041249264535367924
2023-03-01,79.72975781570777,81.70024583912368,79.72975781570777,81.04341888427734,878400,0.0,0.0,0.013732430186934819
2023-03-02,80.61179671698679,81.76593664626806,80.17078122117711,81.55012512207031,595000,0.0,0.0,0.0062522811200314
2023-03-03,82.15064083077773,82.15064083077773,80.80883115215386,81.87852478027344,937800,0.0,0.0,0.004026966944704835
2023-03-06,81.70962905720312,81.794075166883,78.7257448142765,78.84772491455078,1218200,0.0,0.0,-0.03701580938171534
2023-03-07,78.70698717023785,78.90403528407381,77.06491239606035,77.33702850341797,789400,0.0,0.0,-0.019159670272921536
2023-03-08,77.41208655412414,79.87988746344172,76.97107109742578,79.27935791015625,1231800,0.0,0.0,0.025115128475002635
2023-03-09,79.46703038761062,80.34905417007552,77.18689220687425,77.50592041015625,853100,0.0,0.0,-0.02236947355211627
2023-03-10,77.31825506289478,77.48715444698774,75.16948234927538,75.77001190185547,883300,0.0,0.0,-0.02239710849331855
2023-03-13,74.22176558725977,75.89198878183801,73.65877005049627,74.77538299560547,1076500,0.0,0.0,-0.013126946680942053
2023-03-14,77.11627527175253,80.42382875431136,77.01202509279713,78.54733276367188,2237800,0.79,0.0,0.050443737189391324
2023-03-15,76.16853767927802,77.17312224096169,73.97929155276726,75.97898864746094,1383500,0.0,0.0,-0.03269804366162765
2023-03-16,75.0502315698257,78.34830553322855,74.53845997607897,77.67542266845703,1984900,0.0,0.0,0.02232767310009187
2023-03-17,77.58064070986806,77.58064070986806,74.59531045342234,75.07865142822266,2184500,0.0,0.0,-0.03343105387811285
2023-03-20,75.84630721660925,76.90776009298592,75.75153631688329,76.88880157470703,1642700,0.0,0.0,0.024110051420075607
2023-03-21,78.28196324042234,78.75582501213259,76.98358661349262,77.32476043701172,885700,0.0,0.0,0.005669991642165195
2023-03-22,77.06888141438166,77.99765370637195,75.31559423344356,75.36297607421875,808500,0.0,0.0,-0.02537071374945965
2023-03-23,75.28716357541049,76.4149497198268,73.74236951109084,74.6142807006836,906400,0.0,0.0,-0.00993452504845127
2023-03-24,73.59073130534428,75.70415066365169,72.89888996810753,75.41983795166016,582400,0.0,0.0,0.010796287834068607
2023-03-27,76.62344784840852,77.12574017483539,76.03586387284061,76.41494750976562,699300,0.0,0.0,0.013194268048458024
2023-03-28,76.40547322437045,77.56168985174565,76.34860489606521,77.4669189453125,571600,0.0,0.0,0.013766566225965615
2023-03-29,78.76530809255729,79.04014880114694,77.6659452581987,78.26301574707031,600300,0.0,0.0,0.010276603388858385
2023-03-30,79.35289527652986,79.79831926717232,78.2724837875802,78.50941467285156,535600,0.0,0.0,0.003148344379899193
2023-03-31,78.76530385277023,80.03524992352514,78.6705329450441,79.93099975585938,712700,0.0,0.0,0.018107192480437462
2023-04-03,80.47120672582713,81.82644440414751,79.63720540925267,79.99734497070312,1003400,0.0,0.0,0.0008300310898949892
2023-04-04,79.74146246438663,79.74146246438663,77.14470184647345,77.80810546875,1086300,0.0,0.0,-0.027366402006902546
2023-04-05,76.79403869314253,77.72281096076591,76.60449687390032,77.61856079101562,964900,0.0,0.0,-0.002436053115449588
2023-04-06,77.26789719050284,77.26789719050284,76.08324279415498,76.69926452636719,948300,0.0,0.0,-0.011843768491451412
2023-04-10,76.67083385095178,77.80809917734236,76.47181278036126,77.64698791503906,1207300,0.0,0.0,0.012356355625106064
2023-04-11,78.07346041429588,78.75582250068788,77.997648028463,78.10189819335938,870500,0.0,0.0,0.005858698328621292
2023-04-12,80.03525695432336,80.78395948307694,78.60419949166531,78.67053985595703,1163100,0.0,0.0,0.007280766226575697
2023-04-13,78.44307488589331,79.43818750350816,77.59012947714555,79.02118682861328,1380200,0.0,0.0,0.004457157320876037
2023-04-14,79.25811701009842,79.7888471090286,78.05451129630681,78.49046325683594,669000,0.0,0.0,-0.006716218688646358
2023-04-17,78.47150431073858,79.05908822037448,78.01659387469381,78.96431732177734,606200,0.0,0.0,0.006037090944295498
2023-04-18,79.50452225517735,79.53295280272282,77.9407770651696,78.18718719482422,484400,0.0,0.0,-0.009841535434116921
2023-04-19,77.48588281738867,78.42412714783393,77.22052136882292,78.28196716308594,504000,0.0,0.0,0.0012122186724219386
2023-04-20,77.37214514513485,78.42411879747908,76.9741030146685,77.5143051147461,602600,0.0,0.0,-0.009806371456411722
2023-04-21,77.30581314886818,77.84601530735597,75.90317905056175,77.07836151123047,855100,0.0,0.0,-0.005624040657660423
2023-04-24,77.43848820231169,78.05450993841797,77.0309667981697,77.92182922363281,761700,0.0,0.0,0.010942989651893997
2023-04-25,76.80350989234428,77.60907338541094,75.67571666371727,75.68519592285156,1135500,0.0,0.0,-0.028703552304479296
2023-04-26,75.19237787970532,76.2159209795259,75.18290585084955,75.83683013916016,1706500,0.0,0.0,0.002003485813304451
2023-04-27,76.23488772132966,76.67083970407892,74.69009364555939,76.3486099243164,1261600,0.0,0.0,0.006748433237743878
2023-04-28,77.5806447123072,82.23396324288048,77.0214840987778,79.86465454101562,1776000,0.0,0.0,0.04605250338132727
2023-05-01,80.70813512534862,80.8029060273523,78.06398574527508,78.18718719482422,1239500,0.0,0.0,-0.021003876568825852
2023-05-02,77.31528619474817,77.58064762242195,74.39629602922341,76.20645141601562,916200,0.0,0.0,-0.02533325279848042
2023-05-03,76.17801241419409,76.97410391499467,75.30610852852965,75.41983795166016,1266000,0.0,0.0,-0.010322137427201561
2023-05-04,74.77538944787183,75.32507084152006,73.62864482146855,74.71852111816406,715200,0.0,0.0,-0.009298837713568098
2023-05-05,76.2064516052024,77.06887624728319,76.08324292022183,76.71821594238281,758400,0.0,0.0,0.026763040733318588
2023-05-08,77.36267303936141,77.65647226520713,75.87474731169641,76.52867889404297,522600,0.0,0.0,-0.002470561209116151
2023-05-09,75.58094587452355,76.14009924480916,75.20185504471564,75.94107818603516,619900,0.0,0.0,-0.00767817655419567
2023-05-10,76.93618646106697,77.22050637535817,74.20674565220558,75.20185089111328,700600,0.0,0.0,-0.009734221749011396
2023-05-11,74.33944089255208,74.86068452997408,73.88453038681048,74.69009399414062,945900,0.0,0.0,-0.006805110391679636
2023-05-12,74.96493684110004,75.61886845220049,74.26362338736867,74.58584594726562,729900,0.0,0.0,-0.0013957412730418728
2023-05-15,75.02179705215379,75.99795111745941,74.70904655631122,75.96952056884766,612700,0.0,0.0,0.01855143699195061
2023-05-16,75.47670631107026,75.88422774497475,74.5858438205448,74.69009399414062,1153100,0.0,0.0,-0.016841314320886758
2023-05-17,75.2302874665798,76.87933153276013,75.04074566222995,76.7656021118164,751700,0.0,0.0,0.02778826490482933
2023-05-18,76.70874628829027,79.17282606695936,76.25383580380885,79.02118682861328,1199200,0.0,0.0,0.029382752883399643
2023-05-19,79.4666231532412,79.55192203792458,77.95026682524457,78.13980865478516,872700,0.0,0.0,-0.011153694460951602
2023-05-22,78.10189695842394,78.90746048579393,77.74175740154674,78.51889038085938,713800,0.0,0.0,0.00485132652101794
2023-05-23,78.17771135980908,79.50452573764682,77.99764880728189,78.15876007080078,712400,0.0,0.0,-0.004586543547823507
2023-05-24,77.62804520112772,78.0071288647612,76.63293250769632,76.9930648803711,721100,0.0,0.0,-0.014914453471034261
2023-05-25,77.06888318710227,77.59960609155736,75.59990870869757,76.42443084716797,633900,0.0,0.0,-0.007385522762168861
2023-05-26,77.03097191512875,77.35320169426656,76.41495013810182,77.05940246582031,558200,0.0,0.0,0.0083084899895709
2023-05-30,77.01201743853277,77.06887853756332,75.15448015444726,75.66624450683594,722700,0.0,0.0,-0.01807901325996275
2023-05-31,75.15447275368793,75.51460506301252,73.00313646516253,73.05999755859375,929900,0.0,0.0,-0.03444398443756158
2023-06-01,73.33484839860401,74.23519014261836,72.71883385284757,73.68550872802734,1082500,0.0,0.0,0.008561609503640266
2023-06-02,75.50512533608135,78.4809763831451,74.80381200940262,78.25352478027344,1747500,0.0,0.0,0.06199341133826741
2023-06-05,78.29144081918524,78.61366334636155,76.84142498577854,77.92182922363281,713800,0.0,0.0,-0.0042387299175594695
2023-06-06,77.38162707144045,78.86955271279707,77.38162707144045,78.15876007080078,635800,0.0,0.0,0.0030406222431969
2023-06-07,78.18718708095267,79.94047407241428,77.82705476164068,79.37184143066406,813300,0.0,0.0,0.015520734448248641
2023-06-08,79.49505773866177,79.49505773866177,75.82737181397461,76.21593475341797,1555900,0.0,0.0,-0.03976103641242801
2023-06-09,75.69466952751898,76.43389261253724,74.63321673101125,76.27278137207031,1180700,0.0,0.0,0.0007458626445540073
2023-06-12,76.08324700847827,76.94567892745759,75.56200338354701,76.49076843261719,1111900,0.0,0.0,0.002857992807204779
2023-06-13,77.12573352064554,78.5473187281347,76.96462226579693,78.13032531738281,735300,0.0,0.0,0.021434702753835744
2023-06-14,79.20204119090465,79.72833533283024,77.5944604398136,78.43653106689453,767200,0.79,0.0,0.00391916644744339
2023-06-15,78.17816282811445,79.93884991663326,77.48920593314442,79.42212677001953,758900,0.0,0.0,0.012565518766815886
2023-06-16,79.5656733507257,79.57524432714806,78.16861011421625,79.10636138916016,1475600,0.0,0.0,-0.003975786014566496
2023-06-20,77.78584598072553,77.99636364435513,76.14955955048926,76.80024719238281,764300,0.0,0.0,-0.029152070153151355
2023-06-21,76.35050182298674,77.40308277974822,75.43188531705772,75.98688507080078,757600,0.0,0.0,-0.010590618537263063
2023-06-22,75.31705064015641,75.43188043365667,74.08265773695807,75.03955078125,773300,0.0,0.0,-0.012467076241750141
2023-06-23,74.24533189091659,75.59455466191439,73.86258049253405,75.16395568847656,1490400,0.0,0.0,0.0016578578353863005
2023-06-26,75.22136863022037,77.3839491222003,75.05869855219706,77.21170806884766,875800,0.0,0.0,0.027243808040893658
2023-06-27,77.02032572850483,78.80014752831356,76.5610211159501,78.18773651123047,712200,0.0,0.0,0.012640938360183762
2023-06-28,77.92938313145905,78.97239319630377,77.60403565308877,78.92455291748047,708700,0.0,0.0,0.009423682525253385
2023-06-29,78.49394315786044,80.21635373120196,78.49394315786044,79.33601379394531,527100,0.0,0.0,0.005213344406208353
2023-06-30,79.91970861318894,80.39815516386791,79.01066308710489,80.11109161376953,756600,0.0,0.0,0.009769558397996647
2023-07-03,79.88144097941893,82.33108503381484,79.64221769909074,82.06315612792969,637500,0.0,0.0,0.024366969352651147
2023-07-05,80.78091317626054,81.02970742463808,79.23075103759766,79.23075103759766,1274100,0.0,0.0,-0.03451494219789142
2023-07-06,78.1590274625551,78.81928602726624,76.77153540972878,78.69488525390625,1005300,0.0,0.0,-0.006763356104463991
2023-07-07,78.9245471093979,81.89091429722447,78.87669953358011,81.29763793945312,1196800,0.0,0.0,0.03307397522912936
2023-07-10,80.867049699034,82.20670169418449,80.30247889156716,80.4077377319336,734400,0.0,0.0,-0.010946200038213783
2023-07-11,81.01057435594633,81.83349571568864,80.72350350217653,81.10626220703125,759600,0.0,0.0,0.008687279294269157
2023-07-12,82.43634944633584,84.89556464270312,82.14927857028664,84.54151153564453,1324000,0.0,0.0,0.042354921002825785
2023-07-13,84.43625647925256,84.67547978649246,83.30712217705957,84.57022094726562,983900,0.0,0.0,0.0003395895235323021
2023-07-14,84.35013087103337,84.35013087103337,82.35022043303155,83.17314910888672,559700,0.0,0.0,-0.016519666411301648
2023-07-17,82.47461725899905,82.91478720164598,81.64211764760374,82.78082275390625,595400,0.0,0.0,-0.004716983295496635
2023-07-18,82.75211816558877,84.55107455812866,82.75211816558877,84.197021484375,617000,0.0,0.0,0.01710781172928022
2023-07-19,83.91952950454835,85.35486928376308,83.84298359804879,84.54151153564453,719400,0.0,0.0,0.004091475508233522
2023-07-20,84.99124820549048,84.99124820549048,83.57504314935116,83.80470275878906,651800,0.0,0.0,-0.008715348986217397
2023-07-21,83.87168861015834,83.87168861015834,82.68514311219126,83.46979522705078,700200,0.0,0.0,-0.0039962856583625195
2023-07-24,83.41237213618977,83.90038967514921,82.40763873305586,82.77125549316406,680400,0.0,0.0,-0.008368772583981832
2023-07-25,83.38367173934932,85.04866384074889,83.21143067365173,84.77116394042969,705600,0.0,0.0,0.024161871598417317
2023-07-26,84.4075429286,85.12521278296454,82.8860863415945,84.2257308959961,716400,0.0,0.0,-0.006434181378196957
2023-07-27,84.60849331084553,84.95297544004251,83.4315187865189,83.83341217041016,1112500,0.0,0.0,-0.004657943854121993
2023-07-28,85.16348447085855,87.44088738245571,81.74737645320538,82.68513488769531,2051900,0.0,0.0,-0.013697131644608618
2023-07-31,82.82867380255192,83.16359226598387,80.90532370958387,81.89092254638672,2556300,0.0,0.0,-0.009605261482457661
2023-08-01,80.66608919829277,82.25452790761966,80.57039405031499,82.05358123779297,1102200,0.0,0.0,0.001986284759633916
2023-08-02,80.89575215781093,81.9674751720335,80.56084099727755,81.01058197021484,930900,0.0,0.0,-0.01271119738888049
2023-08-03,80.35031850860574,81.42203415807403,79.66135427651022,79.77618408203125,1217700,0.0,0.0,-0.015237489450914521
2023-08-04,79.95798952551306,82.28324017923637,79.47954294903103,80.79048919677734,931900,0.0,0.0,0.012714384956080682
2023-08-07,81.24023424468668,81.61342200912583,80.75221666791403,81.25936889648438,608800,0.0,0.0,0.005803649716305204
2023-08-08,79.69962774918868,80.65652085608178,79.02023451935638,80.5321273803711,594600,0.0,0.0,-0.00894963283605743
2023-08-09,80.83834447321576,81.5273014765293,79.98670276949805,80.73308563232422,680300,0.0,0.0,0.0024953798998001986
2023-08-10,81.10626299258321,82.13013834019014,81.10626299258321,81.96746826171875,772300,0.0,0.0,0.01528967485543875
2023-08-11,81.66126185592219,82.2258326379239,80.60868080025094,80.74264526367188,765900,0.0,0.0,-0.014942794062347553
2023-08-14,80.1876488481289,80.5991131944336,79.70920227337996,80.54169464111328,670100,0.0,0.0,-0.0024887792801731035
2023-08-15,79.52739632277836,80.51299517407854,78.44610960931118,78.49394989013672,811500,0.0,0.0,-0.025424654399204494
2023-08-16,78.29299508294643,78.8958351226445,77.7092896934942,77.78584289550781,733600,0.0,0.0,-0.009021166543663584
2023-08-17,77.98678728839047,79.85272590453248,77.87195748873752,79.59436798095703,869900,0.0,0.0,0.023250054484575955
2023-08-18,78.98196098553905,80.3885950753677,78.8862731312376,80.02497100830078,856100,0.0,0.0,0.005409968547608335
2023-08-21,80.11109116227479,80.57039576004964,79.43169794020142,79.7857437133789,655700,0.0,0.0,-0.00298940807984871
2023-08-22,80.1493668691784,80.1493668691784,78.11117992515209,78.54178619384766,692800,0.0,0.0,-0.015591225470054204
2023-08-23,78.63748148164836,78.7235983632255,77.6040350996293,78.52265167236328,644100,0.0,0.0,-0.00024362218395634905
2023-08-24,78.24515546939496,79.26903092385024,78.10162732665685,78.32170867919922,955200,0.0,0.0,-0.0025590449237820057
2023-08-25,78.66618330271763,78.93411221090399,77.72843212406534,78.39825439453125,1300200,0.0,0.0,0.0009773243794457542
2023-08-28,78.59920975854256,80.10153184584814,78.59920975854256,79.92929077148438,717900,0.0,0.0,0.019528960035874565
2023-08-29,79.9101455182942,80.88617327653378,79.6135036903709,80.85746765136719,665100,0.0,0.0,0.01161247486276884
2023-08-30,80.9627233499962,81.53685773269638,80.70435813244652,81.5177230834961,715100,0.0,0.0,0.008165670423611715
2023-08-31,81.67083733171877,82.0153194853565,81.22109633666307,81.34549713134766,702100,0.0,0.0,-0.002112742427459957
2023-09-01,82.04401420550774,82.80953162302801,81.92919170324029,82.25453186035156,633100,0.0,0.0,0.011174985230419043
2023-09-05,81.8622061208236,82.005734242774,78.16859823865987,78.33126831054688,985200,0.0,0.0,-0.04769662486761761
2023-09-06,78.42696814007272,79.76662012021725,78.0633513413901,79.14463806152344,930600,0.0,0.0,0.010383717364972789
2023-09-07,78.58963640078349,79.19248379304847,76.38878640672758,76.809814453125,1364900,0.0,0.0,-0.02950071749122729
2023-09-08,76.87678853723797,77.29782383952494,75.76679633191102,76.1017074584961,1225500,0.0,0.0,-0.009218965045945327
2023-09-11,76.88636340745457,77.68058647681625,76.06343471157638,76.16869354248047,890100,0.0,0.0,0.0008802178850049192
2023-09-12,75.8816374420049,76.77154845414248,75.64241413014551,75.90077209472656,586300,0.0,0.0,-0.0035174746381133604
2023-09-13,75.90075959448862,76.12084821737953,74.15921446299123,74.60895538330078,920300,0.0,0.0,-0.017019809888278226
2023-09-14,75.72065108396346,77.02567803447069,75.25663773199275,76.97734069824219,971300,0.79,0.0,0.03174398170801229
2023-09-15,76.78400026391263,76.95800433576231,75.95264829565768,76.36832427978516,1162800,0.0,0.0,-0.007911632344437924
2023-09-18,76.47466445512426,76.62933065183286,75.44997785429896,75.8366470336914,441900,0.0,0.0,-0.006962012733785827
2023-09-19,75.80764948237523,76.2619938923125,74.96663588335623,76.0879898071289,1084000,0.0,0.0,0.0033142653752327167
2023-09-20,76.61000026657156,77.44135227904202,75.70131146800107,75.80764770507812,599200,0.0,0.0,-0.003684446162415478
2023-09-21,75.37264086403627,75.43063976573957,74.0579450069881,74.1159439086914,685100,0.0,0.0,-0.022315740530139072
2023-09-22,74.3672794616868,74.96662844568749,73.04291475722586,73.24591827392578,928400,0.0,0.0,-0.011738710847931322
2023-09-25,72.98492214376789,74.00960875683475,72.98492214376789,73.73893737792969,704000,0.0,0.0,0.006731011305778356
2023-09-26,72.98492640874856,73.41027138630757,71.78623564273234,72.2599105834961,1104400,0.0,0.0,-0.020057609277080113
2023-09-27,72.8882568275328,72.92692522203266,71.96023748526231,72.15357208251953,755500,0.0,0.0,-0.0014716113003445663
2023-09-28,72.25990970444307,74.89897052136412,72.05690616087104,74.32862091064453,967100,0.0,0.0,0.030144714465937694
2023-09-29,74.82163170320231,75.06330363546378,73.62294098425315,74.1642837524414,664500,0.0,0.0,-0.0022109539527268574
2023-10-02,73.78727450725484,74.27061836116023,72.29857455219721,72.96559143066406,992100,0.0,0.0,-0.016162662957530216
2023-10-03,72.06656980079963,73.94193889281652,72.06656980079963,72.68524932861328,814500,0.0,0.0,-0.0038421137491522206
2023-10-04,73.63259983443962,73.6712682272037,72.17290672761501,73.28459167480469,1178400,0.0,0.0,0.008245721817390361
2023-10-05,72.85924730772186,73.48758834960422,70.76152960361041,71.15787506103516,929800,0.0,0.0,-0.029019969480169716
2023-10-06,70.693865912488,72.38556931729117,70.40386403966666,71.45755004882812,1022800,0.0,0.0,0.004211410016613515
2023-10-09,70.91621319105954,71.4672249078082,69.80452081509513,70.2878646850586,732900,0.0,0.0,-0.016368954196866015
2023-10-10,70.85821278365317,72.21156969064891,70.73253865997357,71.69922637939453,800400,0.0,0.0,0.02007973496790494
2023-10-11,71.38021008086582,72.15356312436406,70.74220008893481,71.7572250366211,829600,0.0,0.0,0.0008089160811814988
2023-10-12,71.89256863140815,72.2019084078308,70.06552942453028,70.6938705444336,757000,0.0,0.0,-0.014818779455933795
2023-10-13,71.24488373318118,71.4768941017543,69.89152679271565,70.22986602783203,551300,0.0,0.0,-0.006563574932708205
2023-10-16,71.19655168950817,71.47689201190575,70.5778721418866,70.95487976074219,471600,0.0,0.0,0.010323438928715012
2023-10-17,70.15253679591231,72.03757514838226,70.15253679591231,71.95057678222656,741200,0.0,0.0,0.014032819516315742
2023-10-18,70.63587047298033,70.90654185096868,69.91085469255071,70.2685317993164,625300,0.0,0.0,-0.023377783169149846
2023-10-19,69.88185574840816,71.01287860402657,69.03117321495226,69.14717102050781,621900,0.0,0.0,-0.015958221270527595
2023-10-20,69.31151456738417,69.88186422308665,68.87650799331301,68.91517639160156,877700,0.0,0.0,-0.003355084893313154
2023-10-23,68.21914911890121,68.78949868385837,67.26213038306521,67.40713500976562,890500,0.0,0.0,-0.021882573052801724
2023-10-24,67.91948575971985,68.66383210819245,67.57147756750753,68.32549285888672,703500,0.0,0.0,0.013624045125016027
2023-10-25,67.85180705177363,67.85180705177363,66.5951101837514,66.7304458618164,504600,0.0,0.0,-0.0233448297308968
2023-10-26,67.14612153552005,68.55748458273989,66.94311801933513,67.76480102539062,1257900,0.0,0.0,0.015500498314009903
2023-10-27,69.93018294591195,71.72822261339897,68.29648578853845,70.16219329833984,1562300,0.0,0.0,0.03537813491182451
2023-10-30,71.14821207574623,73.07191850206553,70.74220501847634,72.68524932861328,1515000,0.0,0.0,0.035960335782905695
2023-10-31,72.55957904519097,73.31359429862026,72.221239812914,72.2405776977539,1217500,0.0,0.0,-0.0061177699047161305
2023-11-01,72.00856543340474,72.56924607511154,70.44253606378209,71.9892349243164,1302300,0.0,0.0,-0.003479246449122897
2023-11-02,72.16324205766341,73.31359546571787,71.83456438733197,72.6659164428711,915400,0.0,0.0,0.009399759828897958
2023-11-03,73.69061293902367,75.28564188068935,73.69061293902367,74.46395874023438,770000,0.0,0.0,0.024743956800942213
2023-11-06,74.2706134010489,74.56061526887943,73.41992355483333,73.72926330566406,828600,0.0,0.0,-0.009866456833610981
2023-11-07,72.72392115040903,73.81627562988244,72.51124866983638,73.27493286132812,718700,0.0,0.0,-0.006162145448983969
2023-11-08,73.26526282240626,74.03860856944608,72.98492249996016,73.59393310546875,574200,0.0,0.0,0.004353470302652207
2023-11-09,74.28027785303529,74.53161871511259,73.30392860559502,73.63259887695312,1085900,0.0,0.0,0.0005253934645530478
2023-11-10,73.69061009803018,74.91830028993283,73.43926921908646,74.56062316894531,669100,0.0,0.0,0.012603443395268421
2023-11-13,74.00960208300279,75.08262593493194,73.73893072850557,74.2802734375,761400,0.0,0.0,-0.0037600239849132633
2023-11-14,75.8269819240684,77.57668421736726,75.8269819240684,77.1126708984375,778300,0.0,0.0,0.0381312201727515
2023-11-15,77.04500720314854,79.37472811427244,76.85167261208282,78.41770935058594,860000,0.0,0.0,0.016923787452093997
2023-11-16,78.13736972044649,79.1620563375732,77.47035283747202,79.07505798339844,1453100,0.0,0.0,0.008382655375377857
2023-11-17,79.80973074493573,79.95473536879402,78.52404176400414,78.80437469482422,1383700,0.0,0.0,-0.0034231184330089093
2023-11-20,78.87205169286327,79.6454048597317,78.20504214606271,79.20072937011719,850800,0.0,0.0,0.0050296024405735995
2023-11-21,79.00738104773171,79.17171617020347,78.47569991592177,78.64970397949219,711800,0.0,0.0,-0.006957327224222598
2023-11-22,78.582048642434,78.84305109168709,78.14703472668914,78.7173843383789,891400,0.0,0.0,0.0008605290988046299
2023-11-24,78.98805188645639,79.56806303731537,78.69804999864786,79.16205596923828,373700,0.0,0.0,0.005648963498938064
2023-11-27,78.53370984706302,79.3747308350349,78.46604200034635,79.23939514160156,853500,0.0,0.0,0.0009769727607040757
2023-11-28,79.08471289472843,79.92573379051548,78.23403043278525,79.61639404296875,1035900,0.0,0.0,0.004757720584483094
2023-11-29,80.06106986717116,81.07609483695244,79.91606524645363,80.41874694824219,772200,0.0,0.0,0.010077734804723848
2023-11-30,80.33174455958691,81.13409710231335,79.99340534736542,81.03742980957031,1098300,0.0,0.0,0.0076932666176248166
2023-12-01,81.36610817785642,82.7484719898617,80.92143268678903,82.6131362915039,860600,0.0,0.0,0.019444181357137547
2023-12-04,82.00412212591796,83.49282211914014,81.9171163948587,82.05245208740234,1043400,0.0,0.0,-0.006786865010464771
2023-12-05,81.35644427098615,81.46277313785927,80.17708404042861,80.78609466552734,873100,0.0,0.0,-0.015433511000086608
2023-12-06,81.57877315227337,82.53579189541601,80.67008436823873,80.83442687988281,1383200,0.0,0.0,0.0005982739301308992
2023-12-07,81.70444094762571,82.49712456456636,81.04709301831579,82.23612213134766,802400,0.0,0.0,0.01734032522489115
2023-12-08,82.20711814185651,83.4154776970192,82.00411462161816,82.02344512939453,738300,0.0,0.0,-0.0025861749854089178
2023-12-11,81.97511838350064,83.32847523810403,81.97511838350064,82.67112731933594,736700,0.0,0.0,0.0078963056101784
2023-12-12,82.85480782807795,82.85480782807795,81.74311541824855,81.89778900146484,572400,0.0,0.0,-0.009354394247993003
2023-12-13,81.83978582273092,84.70118058566479,81.43377137560633,84.26616668701172,1431600,0.0,0.0,0.028918701156932514
2023-12-14,85.3585243278421,87.85257291466961,85.3585243278421,86.69255065917969,1893100,0.0,0.0,0.028794284438975914
2023-12-15,86.72181755515038,87.58025355008938,85.95117285223864,86.30235290527344,2076700,0.81,0.0,-0.004500937519306136
2023-12-18,86.83887776600618,86.83887776600618,85.46342867869132,85.67803955078125,869000,0.0,0.0,-0.0072340247221004406
2023-12-19,86.30235295553177,86.7998592713646,85.7463191116467,86.6437759399414,1461800,0.0,0.0,0.01127169102168546
2023-12-20,86.3999059439785,86.95593981764449,85.34636572783347,85.8438720703125,924700,0.0,0.0,-0.00923209845082662
2023-12-21,86.5072108846586,87.07300182444064,85.96093408346947,86.94618225097656,645600,0.0,0.0,0.012840872086491872
2023-12-22,87.24859104398357,88.09727000326112,87.23883397477832,87.53148651123047,535900,0.0,0.0,0.006731799431565433
2023-12-26,87.81437929768671,88.70208658192057,87.41442874814244,88.09727478027344,483600,0.0,0.0,0.006463825665412148
2023-12-27,87.9411966484358,88.69232726474644,87.84364828095516,88.49723052978516,496100,0.0,0.0,0.004539933278404629
2023-12-28,88.25334930419922,88.51673062098921,87.80462089330264,88.25334930419922,503000,0.0,0.0,-0.002755806301801278
2023-12-29,88.12653391668047,88.15580512434546,87.33638248637871,87.61927795410156,532100,0.0,0.0,-0.007184671801090392
2024-01-02,87.04372940518985,87.89240828802463,86.82911855678394,87.19004821777344,740700,0.0,0.0,-0.004898804764779885
2024-01-03,86.2048101417551,86.95594075579027,85.23906121197132,85.85363006591797,1055700,0.0,0.0,-0.01532764551887289
2024-01-04,85.95117402758277,86.39990244760497,85.71705646984574,86.14627075195312,764100,0.0,0.0,0.0034086000301962738
2024-01-05,85.81461311133147,87.56075650002518,85.73657143706876,87.00472259521484,1389400,0.0,0.0,0.009965049395272318
2024-01-08,86.62427276253969,86.92667492637402,86.0584818268483,86.68280029296875,631300,0.0,0.0,-0.0037000554986402756
2024-01-09,85.96093242264536,86.33161918165274,84.74155927036212,85.64877319335938,526600,0.0,0.0,-0.01192886127483872
2024-01-10,84.92689451803467,85.62925460806748,84.86836699135283,85.59999084472656,885700,0.0,0.0,-0.0005695627247652713
2024-01-11,85.33661875538881,85.44391675174806,84.14650930114632,84.93666076660156,692900,0.0,0.0,-0.007749183984473107
2024-01-12,86.03896682569051,86.12676556291692,84.42940021532522,84.80008697509766,522200,0.0,0.0,-0.001607948679301141
2024-01-16,83.88311346584898,84.2928284898483,83.0636983027761,84.17576599121094,862300,0.0,0.0,-0.007362268202272704
2024-01-17,82.81982629815164,83.7660610586203,82.81982629815164,83.60997772216797,837200,0.0,0.0,-0.00672151019216205
2024-01-18,83.97091984908802,84.88788345665057,83.08321256577108,84.8586196899414,693800,0.0,0.0,0.01493412630634361
2024-01-19,84.90739192335494,84.9854335910077,83.94165047415686,84.62449645996094,883300,0.0,0.0,-0.002758979946125839
2024-01-22,84.88787270500701,85.50244149791425,84.47816513804393,85.24880981445312,691300,0.0,0.0,0.007377454290526497
2024-01-23,85.91215405535245,86.16578575354654,84.52694794803463,84.53670501708984,1407900,0.0,0.0,-0.008353252073702855
2024-01-24,83.56121606885704,84.06847208086643,81.71751681438496,81.74678802490234,1715100,0.0,0.0,-0.03300243357750332
2024-01-25,82.58571273053172,82.87835783684014,81.44437374429215,82.54669189453125,1606600,0.0,0.0,0.009785141275339582
2024-01-26,83.30758281764255,83.55145747024545,82.58571592982784,82.83934020996094,918900,0.0,0.0,0.003545245832547783
2024-01-29,82.59545644689085,83.00516403188074,80.85907030267977,81.97113800048828,2020900,0.0,0.0,-0.01048055437515738
2024-01-30,81.61995899446929,83.16124843493846,81.61995899446929,83.00516510009766,1224600,0.0,0.0,0.012614526586214092
2024-01-31,83.26854899789956,83.37585442371216,81.17122582401129,81.50289916992188,2365400,0.0,0.0,-0.018098463250620256
2024-02-01,82.14673194953264,82.80031419142078,80.88833792774697,82.78080749511719,2145600,0.0,0.0,0.015679298996849944
2024-02-02,80.29327642651208,81.61995493685279,78.73248036801202,80.576171875,2836000,0.0,0.0,-0.02663220723290516
2024-02-05,78.90807935137742,81.09319408144208,78.90807935137742,80.50789642333984,1542800,0.0,0.0,-0.0008473404738819079
2024-02-06,80.72249906214138,81.52240751647858,80.02013896712084,80.58592987060547,1490600,0.0,0.0,0.0009692645160581659
2024-02-07,80.96637466478296,81.23951305117131,80.37131999052428,80.9371109008789,1148600,0.0,0.0,0.004357845480437161
2024-02-08,80.90784880267209,81.05416762520474,79.94209991917864,80.95661926269531,1059300,0.0,0.0,0.00024103111167761426
2024-02-09,80.83956072291477,80.83956072291477,79.89332601815526,80.32254028320312,784200,0.0,0.0,-0.007832330268568555
2024-02-12,80.44935968723351,82.29305119270069,80.42009592404555,81.76628112792969,823700,0.0,0.0,0.017974292641096623
2024-02-13,80.04941332591483,80.42010755983073,79.01538718386254,80.10794830322266,884100,0.0,0.0,-0.02028137762695159
2024-02-14,80.65422514167084,80.9663843982789,79.75676820923061,80.10794830322266,846500,0.0,0.0,0.0
2024-02-15,81.33706983835422,83.3563516240272,81.33706983835422,83.1612548828125,854100,0.0,0.0,0.03811490175772003
2024-02-16,83.0344375685544,84.52694912894191,82.9563958999485,83.10272216796875,840500,0.0,0.0,-0.0007038459788303308
2024-02-20,82.42962739106943,82.84909206484086,81.6687397136383,82.43938446044922,823100,0.0,0.0,-0.007982141742346016
2024-02-21,82.30281327046377,83.75630398947625,81.78579280031279,83.60997772216797,701300,0.0,0.0,0.014199442043145716
2024-02-22,83.52218669028026,84.51719191467629,83.47340878686953,84.29283142089844,668500,0.0,0.0,0.008167131690903773
2024-02-23,84.52695113307969,85.08298501076966,84.33184695693906,84.48793029785156,521800,0.0,0.0,0.0023145369975643426
2024-02-26,84.10748037063149,84.91714589747745,83.66850158793129,84.41963958740234,761400,0.0,0.0,-0.0008082895415767455
2024-02-27,84.86836438625264,85.24880818293195,83.82458135184436,84.03919219970703,551600,0.0,0.0,-0.004506621795055454
2024-02-28,83.56120675324621,84.67327447008574,83.19051255265765,84.37086486816406,605400,0.0,0.0,0.003946642748169804
2024-02-29,85.05371316126887,85.81460076974255,84.46840813093901,85.5902328491211,1131900,0.0,0.0,0.014452476964203154
2024-03-01,85.59022933145134,85.91214559640981,84.78057129870135,84.9561538696289,727200,0.0,0.0,-0.007408310018386599
2024-03-04,84.70253607024796,86.73157472515767,84.70253607024796,86.04872131347656,989100,0.0,0.0,0.012860368485186902
2024-03-05,85.25857436703602,86.22431584321218,84.78058216362041,85.16102600097656,912800,0.0,0.0,-0.010316194115960409
2024-03-06,86.06822891607295,86.36087397674785,84.5757100810279,84.9561538696289,1035000,0.0,0.0,-0.0024057029484979564
2024-03-07,85.59999544973314,87.30711786610959,85.47318332094619,87.01446533203125,1574800,0.0,0.0,0.024227926626256613
2024-03-08,87.5314866584961,87.72658338815035,86.77059155093299,87.61927795410156,953700,0.0,0.0,0.0069507135366799755
2024-03-11,87.72657731946313,90.09703888884948,87.57049399256663,89.42394256591797,1192200,0.0,0.0,0.020596661533341498
2024-03-12,89.50199374296815,90.29214520259843,89.22885533432873,89.7848892211914,1064600,0.0,0.0,0.004036353630990641
2024-03-13,90.08729297735819,90.95548612397093,89.74586996056615,90.74087524414062,1635600,0.0,0.0,0.010647515759518056
2024-03-14,89.5009457402305,90.12091313687341,87.97564545601513,89.75680541992188,2428700,0.81,0.0,-0.01084483504893563
2024-03-15,89.56983201735602,91.46908283589809,89.38286427374256,90.8294448852539,1878800,0.0,0.0,0.011950508491403555
2024-03-18,91.03609818577836,91.1935451018655,90.14059304233223,90.8294448852539,1682800,0.0,0.0,0.0
2024-03-19,90.96721356163988,91.97095923463237,90.79008108901296,91.58717346191406,1315300,0.0,0.0,0.008342323104775229
2024-03-20,91.79382653292694,92.84677858762593,91.25259384580212,92.1776123046875,1487400,0.0,0.0,0.006446741617361695
2024-03-21,92.4236286550893,96.43862632861105,92.37442977901345,93.94893646240234,1154700,0.0,0.0,0.019216424828404577
2024-03-22,94.34256756328915,95.40535491093753,93.75212097167969,93.75212097167969,1119700,0.0,0.0,-0.00209491983766541
2024-03-25,94.2047933417633,97.94424566507142,94.16542973736976,97.67855072021484,2066300,0.0,0.0,0.041880969815298874
2024-03-26,97.91472483236787,98.77086633523203,96.41894540470989,96.75352478027344,1782600,0.0,0.0,-0.00947010303818896
2024-03-27,97.60966821388854,98.26899170783942,96.97002276860245,97.99345397949219,889200,0.0,0.0,0.012815338790339803
2024-03-28,98.37724358700918,99.00704627863846,97.62935007525928,98.62326049804688,1023100,0.0,0.0,0.006427026428586613
2024-04-01,98.65278183461756,98.92831957514557,97.8458466625682,98.70198822021484,550400,0.0,0.0,0.0007982672826916115
2024-04-02,98.59373615434086,99.14481161290627,97.9245698798657,98.82991027832031,1097500,0.0,0.0,0.0012960433767561508
2024-04-03,99.1743277219817,100.53234576289972,98.73150032210648,100.39456939697266,969800,0.0,0.0,0.015831837894479728
2024-04-04,101.07358239923512,101.07358239923512,97.7080730056479,98.08201599121094,782700,0.0,0.0,-0.0230346463922525
2024-04-05,98.02297535981178,98.56421554914951,97.22588299718718,98.23947143554688,614900,0.0,0.0,0.001605344697952038
2024-04-08,98.64293370524871,99.29242192226918,98.36739597966665,98.92831420898438,799500,0.0,0.0,0.007011873775088828
2024-04-09,99.90254184468182,100.72916255258485,98.8495897877407,100.32569122314453,813900,0.0,0.0,0.014125147338589272
2024-04-10,99.45971621443348,99.65652673957429,97.83600310458074,99.0464096069336,968200,0.0,0.0,-0.012751286341656565
2024-04-11,99.25305806037436,99.74509185702192,97.72775028763094,98.42643737792969,770000,0.0,0.0,-0.006259411436156714
2024-04-12,97.71792195697942,98.16074940227456,95.56281137210476,96.41895294189453,842500,0.0,0.0,-0.020395784806545247
2024-04-15,97.33413403975595,97.71791981937378,94.91332103438778,95.76946258544922,1412900,0.0,0.0,-0.00673612745864105
2024-04-16,95.28726219873188,95.53327908501932,94.22446744808866,94.8641128540039,896300,0.0,0.0,-0.009453428128382013
2024-04-17,95.7793039480016,96.05484168233654,94.3917649900204,94.44097137451172,706100,0.0,0.0,-0.0044605010974319015
2024-04-18,95.16918242725033,95.16918242725033,93.75212259538978,94.49017333984375,683900,0.0,0.0,0.0005209811442632439
2024-04-19,94.58858091503731,95.44471492654725,94.47049009959042,94.88379669189453,698200,0.0,0.0,0.004165759656669099
2024-04-22,95.01172652789424,96.21228265217584,94.28351112319919,95.51359558105469,787300,0.0,0.0,0.00663758103193568
2024-04-23,94.96252816688826,95.69073612524735,94.85428012482728,95.25775146484375,648300,0.0,0.0,-0.002678614648045863
2024-04-24,94.88379446003184,95.5037618417451,94.39176066900346,94.82475280761719,1071100,0.0,0.0,-0.004545547743548872
2024-04-25,94.50985670593562,94.71651000865003,93.33881381604708,94.59841918945312,1631700,0.0,0.0,-0.0023868622006666396
2024-04-26,94.47049062532935,96.18276616571822,92.81725673907248,94.0374984741211,1337700,0.0,0.0,-0.0059294935384561764
2024-04-29,96.14340373875966,97.66871155714584,95.06093085531145,95.78913879394531,1308300,0.0,0.0,0.018627040789544802
2024-04-30,95.11997983016983,95.26758396701753,92.78773686605436,92.93534851074219,886400,0.0,0.0,-0.029792420300823408
2024-05-01,93.250244140625,94.96251959379995,93.02390529824731,93.250244140625,1003500,0.0,0.0,0.003388330004986395
2024-05-02,93.8800575225779,94.71651354320956,92.64997293110764,94.39176940917969,682400,0.0,0.0,0.012241525789822294
2024-05-03,95.08061742387616,97.07827351804441,95.08061742387616,95.94659423828125,859700,0.0,0.0,0.016472038174870196
2024-05-06,96.43862320139438,97.18651666719218,96.24181268779277,97.17667388916016,618500,0.0,0.0,0.01282046184801544
2024-05-07,97.7769556131274,99.57780109126575,97.7769556131274,99.02671813964844,1100800,0.0,0.0,0.019037945799610823
2024-05-08,98.3772411360911,99.6466892663601,98.18042310746017,99.15465545654297,775400,0.0,0.0,0.001291947459211018
2024-05-09,99.24321887662171,99.96159154919464,98.82006949586565,99.4793930053711,970400,0.0,0.0,0.003275061038061411
2024-05-10,99.656523244548,100.11903622103256,99.4006710724059,99.42034912109375,935700,0.0,0.0,-0.000593528795196363
2024-05-13,99.97142544260093,100.34537594146265,99.18417585500168,99.41050720214844,617800,0.0,0.0,-9.899300326665639e-05
2024-05-14,99.63684920179934,99.97142859782474,98.83975681069384,99.12513732910156,702600,0.0,0.0,-0.002870620833536064
2024-05-15,99.55811471996209,99.99110685529291,98.65277435321562,99.20384979248047,696200,0.0,0.0,0.0007940716704137873
2024-05-16,99.0956068738307,99.43019377054085,98.38708449013426,98.47564697265625,645200,0.0,0.0,-0.007340469360286983
2024-05-17,99.02671757786158,99.37114723610836,98.47564213721039,98.78070068359375,512500,0.0,0.0,0.0030977578753272894
2024-05-20,98.72166142593909,99.17433162143047,98.46580174749963,99.00704193115234,468800,0.0,0.0,0.002291350901463929
2024-05-21,98.74134498927546,98.8987994179829,97.94425259050513,98.35755920410156,488900,0.0,0.0,-0.006559964972010945
2024-05-22,97.59982441444971,98.28866872811042,96.97986453215506,97.83599853515625,522700,0.0,0.0,-0.005302700404175575
2024-05-23,99.69588835950782,99.69588835950782,97.15699960128704,97.4719009399414,601700,0.0,0.0,-0.003721509471628748
2024-05-24,98.12138304210337,98.64293768770295,97.88520891176098,98.63310241699219,316300,0.0,0.0,0.011913192067181111
2024-05-28,98.92831929510987,99.4498739464673,98.46580630002978,99.12513732910156,588000,0.0,0.0,0.004988537317108799
2024-05-29,98.25915064135033,98.63310114305614,96.68464394633679,96.88145446777344,613800,0.0,0.0,-0.022634852488314428
2024-05-30,96.9897043682723,99.2530629474311,96.9503407616615,99.21369934082031,639000,0.0,0.0,0.024073181868080606
2024-05-31,98.99720348828025,99.73525422130595,97.93440863084155,99.715576171875,998100,0.0,0.0,0.005058543672791016
2024-06-03,99.88286654138538,99.91238736965055,96.50751419932841,97.01922607421875,819100,0.0,0.0,-0.027040410346811594
2024-06-04,96.2122891957991,96.75352939720241,95.5136020771586,95.94659423828125,943900,0.0,0.0,-0.011055868814259018
2024-06-05,95.8973886670967,97.11763794827878,95.84818978972277,96.86177825927734,644800,0.0,0.0,0.00953847323359125
2024-06-06,96.68464416515233,99.82382229170022,96.68464416515233,99.40067291259766,1499100,0.0,0.0,0.02621152222215306
2024-06-07,98.73150797578252,102.01829028471558,98.73150797578252,101.65419006347656,1715200,0.0,0.0,0.02267104522381258
2024-06-10,101.05390181574026,101.95924218408145,100.30600835553503,101.55577087402344,1382100,0.0,0.0,-0.0009681764164533035
2024-06-11,101.11294721520466,102.00845234661593,100.58154980335182,101.85099792480469,1424200,0.0,0.0,0.002907043570645307
2024-06-12,103.32709496242585,104.29148448552463,102.03796884683192,102.23477935791016,850400,0.0,0.0,0.003768067480191206
2024-06-13,101.811633471278,102.13637758267856,99.85334104031338,100.9358139038086,792900,0.0,0.0,-0.012705709957607114
2024-06-14,99.99110861777818,100.44377880913038,97.69822932667348,97.92456817626953,746400,0.0,0.0,-0.029833273355369894
2024-06-17,97.81542927022744,99.06553226662464,97.43841744503985,98.48017120361328,1034100,0.81,0.0,0.0056737858301671995
2024-06-18,98.50993628967484,99.13498401577641,97.8749650083941,98.22221374511719,580500,0.0,0.0,-0.0026193847486591926
2024-06-20,97.52771340358704,98.35118679232671,97.23006731260338,97.30944061279297,719700,0.0,0.0,-0.009292939932028288
2024-06-21,97.03164747525244,97.94441777404002,96.26769266146448,97.83528137207031,1651600,0.0,0.0,0.005403800042071305
2024-06-24,98.22221450734085,100.29579095804641,97.74598225795727,99.8592529296875,1003600,0.0,0.0,0.0206875426659221
2024-06-25,99.37310198390902,99.85925020583333,97.13085543282943,97.18045806884766,902300,0.0,0.0,-0.026825705002279765
2024-06-26,96.48596393362892,97.73606697396443,95.49382034562245,97.42849731445312,720700,0.0,0.0,0.002552357238630787
2024-06-27,97.41857865144082,97.81543002017372,95.97004996109268,96.41651153564453,809200,0.0,0.0,-0.010386958710267069
2024-06-28,96.6645513008061,97.64677134586705,96.63478820390348,97.20030975341797,1137800,0.0,0.0,0.008129294508686602
2024-07-01,97.42849606818653,97.4880298299347,94.13457970091773,94.42230224609375,919900,0.0,0.0,-0.0285802330709809
2024-07-02,94.63065421028398,94.92830031922121,93.58890796791364,94.60089111328125,704300,0.0,0.0,0.00189138437571712
2024-07-03,95.0473562836997,95.84106659176317,94.61081069411927,95.11680603027344,381400,0.0,0.0,0.005453594685217
2024-07-05,94.39253964535301,94.4917524895143,92.71581457204447,93.757568359375,1550600,0.0,0.0,-0.014290194631491615
2024-07-08,94.55128773814067,95.20609857546417,94.22387853475146,94.99774932861328,688600,0.0,0.0,0.013227529157802342
2024-07-09,94.59096352657663,95.11680597254971,93.66827728099466,93.91631317138672,661600,0.0,0.0,-0.011383808194083578
2024-07-10,94.80923516625388,95.95020176204885,94.4917495331979,95.3449935913086,722700,0.0,0.0,0.015212271134565247
2024-07-11,96.65462556892291,98.39087683072528,96.65462556892291,97.55747985839844,686900,0.0,0.0,0.02320505968644304
2024-07-12,98.12300309437606,98.52977803235454,97.46818468810423,97.86504364013672,641300,0.0,0.0,0.003152641726546168
2024-07-15,97.70629879378939,98.40079624147735,96.81336809715168,96.87289428710938,712400,0.0,0.0,-0.010137933996898996
2024-07-16,96.9820351291807,99.76004018623838,96.9026618259608,99.3929443359375,1008300,0.0,0.0,0.02601398530903043
2024-07-17,99.1151410874455,101.00021532595855,98.73812169807019,99.64097595214844,484600,0.0,0.0,0.002495465023881538
2024-07-18,98.87703203981265,100.56367308478819,98.24205318969972,98.68852233886719,517500,0.0,0.0,-0.009558854719956322
2024-07-19,98.3214261998548,98.45040970830973,95.86091438698266,96.38674926757812,494900,0.0,0.0,-0.023323614709575446
2024-07-22,96.97210847957037,97.28959411286426,95.20609417128212,96.54548645019531,756700,0.0,0.0,0.0016468776447322586
2024-07-23,97.0117941645222,97.0117941645222,95.84106448412847,96.67446899414062,649900,0.0,0.0,0.001335976944006001
2024-07-24,96.92250833643133,97.76582886192081,95.60295556402573,95.62279510498047,822800,0.0,0.0,-0.010878507015372407
2024-07-25,95.60295267074724,97.39873006626769,95.01758404265846,96.37682342529297,1136600,0.0,0.0,0.007885445300826799
2024-07-26,97.41857603603387,99.98822415602869,94.72986796694279,99.9386215209961,1476000,0.0,0.0,0.03695699826072896
2024-07-29,100.22634008638389,100.8414718246375,99.42270621710549,100.45453643798828,1020300,0.0,0.0,0.005162317722021026
2024-07-30,100.43469770300416,103.06387212839437,100.43469770300416,102.45866394042969,996900,0.0,0.0,0.019950592312758086
2024-07-31,103.18293047600834,104.01632743497632,102.20071046880904,102.51819610595703,1645700,0.0,0.0,0.000581035934276386
2024-08-01,102.68686248229749,103.23254448945399,99.83940762855752,100.9010009765625,1114000,0.0,0.0,-0.01577471308335443
2024-08-02,99.21435781806355,99.69059006615036,95.67240554673687,96.72407531738281,1135900,0.0,0.0,-0.04139627574309113
2024-08-05,94.6207342842092,94.6207342842092,92.87455949469583,93.45000457763672,1331700,0.0,0.0,-0.0338495946226709
2024-08-06,93.76749171616383,96.5851758455456,93.65835531698096,94.690185546875,1071400,0.0,0.0,0.013271063761243207
2024-08-07,95.47397824675015,96.58517419109822,92.98369578811925,93.0829086303711,1318200,0.0,0.0,-0.016974060270567803
2024-08-08,93.86670147262676,94.77947171808329,93.74764152212848,94.71002197265625,679900,0.0,0.0,0.017480258902806467
2024-08-09,94.79931954846323,95.14656827823781,93.85677863112697,94.31316375732422,705600,0.0,0.0,-0.004190245203898324
2024-08-12,94.28340387956585,94.80923876966385,93.35078648538158,93.82701873779297,971200,0.0,0.0,-0.00515458288285342
2024-08-13,94.38261322237004,95.33507012239751,93.6186660191397,94.8786849975586,774700,0.0,0.0,0.01120856522900504
2024-08-14,95.15649467444544,95.54343006624107,94.40246343195314,94.85884857177734,820200,0.0,0.0,-0.00020907146617554773
2024-08-15,96.19824105279194,98.06346826680344,96.16847795636724,97.6269302368164,656000,0.0,0.0,0.02918105908638058
2024-08-16,97.37889171289363,97.43841790413673,96.03949942374173,96.9820327758789,652800,0.0,0.0,-0.006605733268199243
2024-08-19,97.10109681693658,97.30944606451601,96.40659175555018,96.83321380615234,570900,0.0,0.0,-0.0015345004169017296
2024-08-20,96.64470915023252,97.12093382672754,96.19824000038183,96.55541229248047,492800,0.0,0.0,-0.0028688659887711188
2024-08-21,97.3292821951212,98.5793852062439,97.13085650993872,98.2519760131836,645400,0.0,0.0,0.01757088163596654
2024-08-22,98.28173969930248,98.98616072622214,97.6170053235486,97.95433807373047,370100,0.0,0.0,-0.003029332859556866
2024-08-23,98.53969612907218,100.77201909495683,98.12299765877613,100.00807189941406,407200,0.0,0.0,0.020966236575839403
2024-08-26,100.60336294828666,101.59550655217616,100.1370542433458,100.23626708984375,413200,0.0,0.0,0.0022817677223014865
2024-08-27,100.047755892884,100.1767394039199,99.28380865982662,99.8294906616211,410600,0.0,0.0,-0.004058176147542003
2024-08-28,99.42270304949594,100.04775075352569,98.74804514077698,99.27388000488281,749000,0.0,0.0,-0.005565596429030761
2024-08-29,99.80963826386862,101.05974123937926,98.74804498252948,100.20649719238281,496100,0.0,0.0,0.009394386393018372
2024-08-30,100.47437848317574,101.7443286424617,100.02791689343839,101.56574249267578,809000,0.0,0.0,0.013564442809365973
2024-09-03,100.24619052674392,101.50620957163285,98.75797512267015,99.50208282470703,947200,0.0,0.0,-0.0203184618880482
2024-09-04,99.46239428764063,100.60336092303571,98.37103785922332,98.4603271484375,747400,0.0,0.0,-0.010469687133130567
2024-09-05,98.6091455911855,98.6091455911855,96.87289440047921,97.239990234375,796700,0.0,0.0,-0.012394199261827943
2024-09-06,96.90265746196094,98.0932342482774,95.78153798992501,96.40658569335938,1593500,0.0,0.0,-0.008570594659737085
2024-09-09,96.70423181576538,98.16268402707138,96.60501897590163,97.239990234375,1274400,0.0,0.0,0.008644684748679188
2024-09-10,97.48802884835712,97.48802884835712,96.16847608980471,97.4185791015625,548400,0.0,0.0,0.0018365784154961151
2024-09-11,97.41857924671157,98.24205265437332,95.29539261930735,98.15276336669922,799200,0.0,0.0,0.007536388560659413
2024-09-12,98.02379148233798,98.97624843752943,96.8629777083798,98.83734893798828,847600,0.0,0.0,0.006974694830867323
2024-09-13,99.66081893182108,102.36937421807771,99.66081893182108,102.29000091552734,1049300,0.0,0.0,0.034932664773367206
2024-09-16,102.83999633789062,105.87999725341797,102.83999633789062,105.37999725341797,1170000,0.81,0.0,0.030208195427062323
2024-09-17,105.91000366210938,107.11000061035156,105.4000015258789,105.93000030517578,1041600,0.0,0.0,0.005219235776170672
2024-09-18,106.04000091552734,108.04000091552734,105.62999725341797,106.37999725341797,903100,0.0,0.0,0.004248059538806581
2024-09-19,108.72000122070312,108.80999755859375,107.08000183105469,108.26000213623047,1053500,0.0,0.0,0.017672541185858037
2024-09-20,107.33999633789062,107.33999633789062,105.81999969482422,106.62999725341797,1442400,0.0,0.0,-0.015056390639650696
2024-09-23,107.3499984741211,108.13999938964844,106.7699966430664,108.01000213623047,884100,0.0,0.0,0.012941994920367073
2024-09-24,108.77999877929688,111.12000274658203,108.76000213623047,110.58000183105469,1660000,0.0,0.0,0.023794089843482524
2024-09-25,111.43000030517578,111.43000030517578,109.8499984741211,110.33000183105469,600900,0.0,0.0,-0.0022608066183789077
2024-09-26,111.93000030517578,114.16000366210938,111.86000061035156,113.7699966430664,878200,0.0,0.0,0.03117914216369977
2024-09-27,114.23999786376953,114.5,112.08999633789062,112.37999725341797,836000,0.0,0.0,-0.012217627060404301
2024-09-30,112.30000305175781,113.02999877929688,110.9000015258789,111.94999694824219,729500,0.0,0.0,-0.0038263064218281295
2024-10-01,112.01000213623047,112.01000213623047,110.0,110.62999725341797,877900,0.0,0.0,-0.011790975710651352
2024-10-02,110.36000061035156,110.87000274658203,109.69999694824219,110.1500015258789,537400,0.0,0.0,-0.004338748435829265
2024-10-03,109.47000122070312,109.69000244140625,107.47000122070312,107.93000030517578,1004800,0.0,0.0,-0.020154345800726614
2024-10-04,109.41000366210938,109.8499984741211,107.94999694824219,109.0,764000,0.0,0.0,0.009913830184367312
2024-10-07,108.58999633789062,109.43000030517578,107.80000305175781,109.2699966430664,820300,0.0,0.0,0.002477033422627617
2024-10-08,108.2699966430664,108.93000030517578,106.9000015258789,108.2699966430664,1071500,0.0,0.0,-0.009151643001020004
2024-10-09,108.37999725341797,110.12000274658203,107.83000183105469,109.72000122070312,567700,0.0,0.0,0.013392487508953721
2024-10-10,109.72000122070312,110.7699966430664,109.08999633789062,110.11000061035156,495300,0.0,0.0,0.0035544967673117878
2024-10-11,110.41999816894531,111.25,110.41999816894531,110.56999969482422,523500,0.0,0.0,0.00417763220345857
2024-10-14,109.87999725341797,110.75,109.30999755859375,110.41000366210938,873600,0.0,0.0,-0.0014470112431621551
2024-10-15,110.38999938964844,111.79000091552734,109.68000030517578,110.31999969482422,934600,0.0,0.0,-0.0008151794610984364
2024-10-16,108.87000274658203,110.87999725341797,108.47000122070312,108.72000122070312,952100,0.0,0.0,-0.01450324944295811
2024-10-17,109.33000183105469,109.52999877929688,107.9800033569336,109.44999694824219,610600,0.0,0.0,0.006714456579679062
2024-10-18,110.0,110.05000305175781,108.18000030517578,108.83999633789062,872400,0.0,0.0,-0.005573326883143048
2024-10-21,108.68000030517578,108.97000122070312,106.9800033569336,107.81999969482422,513800,0.0,0.0,-0.009371524048015
2024-10-22,107.45999908447266,107.77999877929688,106.44999694824219,107.05999755859375,848900,0.0,0.0,-0.007048804844941525
2024-10-23,106.5,107.54000091552734,105.81999969482422,106.9800033569336,745700,0.0,0.0,-0.0007471903930912349
2024-10-24,107.7300033569336,108.02999877929688,106.02999877929688,106.72000122070312,637900,0.0,0.0,-0.0024303807073456918
2024-10-25,106.8499984741211,107.0199966430664,105.23999786376953,105.43000030517578,603300,0.0,0.0,-0.012087714587442178
2024-10-28,106.33999633789062,106.86000061035156,105.69000244140625,106.69999694824219,692400,0.0,0.0,0.012045875361759384
2024-10-29,105.5999984741211,106.33000183105469,104.68000030517578,104.83999633789062,634800,0.0,0.0,-0.01743205870243658
2024-10-30,105.31999969482422,106.9000015258789,104.83999633789062,104.98999786376953,693200,0.0,0.0,0.0014307662258539189
2024-10-31,104.94000244140625,105.79000091552734,104.37999725341797,105.08999633789062,1318200,0.0,0.0,0.0009524571497834255
2024-11-01,102.0,104.54000091552734,100.0,101.08000183105469,1789400,0.0,0.0,-0.038157718589529654
2024-11-04,101.87000274658203,102.38999938964844,99.93000030517578,100.05000305175781,1196600,0.0,0.0,-0.010189936294405899
2024-11-05,99.08000183105469,100.91999816894531,98.16999816894531,100.87999725341797,1127700,0.0,0.0,0.0082957938665007
2024-11-06,105.0,105.02999877929688,102.48999786376953,103.68000030517578,1751800,0.0,0.0,0.027755780412285214
2024-11-07,103.63999938964844,104.80999755859375,103.02999877929688,103.54000091552734,1527600,0.0,0.0,-0.0013503027511222454
2024-11-08,102.5999984741211,102.94000244140625,101.16000366210938,101.47000122070312,1116500,0.0,0.0,-0.019992270393285216
